Name of Rated issuer,Sector,ESG Rating,Date of Rating,Category
360 One Wam Limited,Stockbroking & Allied,72,22-09-2026,Leadership
3M India Limited,Diversified,65,11-09-2026,Strong
AAVAS Financiers Limited,Housing Finance Company,68,30-09-2026,Strong
ABB India Limited,Heavy Electrical Equipment,67,19-05-2026,Strong
ACC Limited,Cement & Cement Products,62,09-07-2026,Strong
ADF Foods Limited,Packaged Foods,55,29-07-2026,Adequate
AGI Greenpac Limited,Packaging,60,15-09-2026,Adequate
AIA Engineering Limited,Castings & Forgings,60,29-09-2026,Adequate
APL Apollo Tubes Limited,Iron & Steel Products,64,30-09-2026,Strong
AU Small Finance Bank Limited,Other Bank,73,19-08-2026,Leadership
AWL Agri Business Limited,Edible Oil,62,24-06-2026,Strong
Aadhar Housing Finance Limited,Housing Finance Company,67,10-08-2026,Strong
Aarti Drugs Limited,Pharmaceuticals,52,08-10-2025,Adequate
Aarti Industries Limited,Specialty Chemicals,56,02-09-2026,Adequate
Abbott India Limited,Pharmaceuticals,63,24-08-2026,Strong
Accelya Solutions India Limited,Computers - Software & Consulting,58,11-11-2025,Adequate
Action Construction Equipment Limited,Construction Vehicles,57,11-09-2026,Adequate
Acutaas Chemicals Limited,Pharmaceuticals,56,10-10-2025,Adequate
Adani Energy Solutions Limited,Power Distribution,65,10-07-2026,Strong
Adani Enterprises Limited,Trading - Minerals,60,26-06-2026,Adequate
Adani Green Energy Limited,Power Generation,69,07-07-2026,Strong
Adani Ports & Special Economic Zone Limited,Port & Port services,67,29-06-2026,Strong
Adani Power Limited,Integrated Power Utilities,58,01-07-2026,Adequate
Adani Total Gas Limited,LPG/CNG/PNG/LNG Supplier,66,02-07-2026,Strong
Aditya Birla Capital Limited,Investment Company,70,28-08-2026,Strong
Aditya Birla Fashion & Retail Limited,Speciality Retail,70,11-09-2026,Strong
Aditya Birla Housing Finance Limited,Housing Finance Company,55,22-06-2026,Adequate
Aditya Birla Lifestyle Brands Limited,Speciality Retail,69,30-09-2026,Strong
Aditya Birla Real Estate Limited,Paper & Paper Products,60,13-08-2026,Adequate
Aditya Birla Sun Life AMC Limited,Asset Management Company,67,31-07-2026,Strong
Ador Welding Limited,Other Industrial Products,59,07-07-2026,Adequate
Advanced Enzyme Technologies Limited,Biotechnology,59,11-08-2026,Adequate
Aegis Logistics Limited,Trading - Gas,58,28-08-2026,Adequate
Aether Industries Limited,Specialty Chemicals,58,28-09-2026,Adequate
Affle 3i Limited,IT Enabled Services,51,08-10-2025,Adequate
Ahluwalia Contracts India Limited,Civil Construction,50,15-10-2025,Below average
Ajanta Pharma Limited,Pharmaceuticals,65,11-07-2026,Strong
Alembic Limited,"Residential, Commercial Projects",56,12-08-2026,Adequate
Alembic Pharmaceuticals Limited,Pharmaceuticals,64,24-08-2026,Strong
Alicon Castalloy Limited,Auto Components & Equipments,56,03-10-2025,Adequate
Alivus Life Sciences Limited,Pharmaceuticals,67,18-09-2026,Strong
Alkem Laboratories Limited,Pharmaceuticals,65,28-08-2026,Strong
Alkyl Amines Chemicals Limited,Specialty Chemicals,54,19-06-2026,Adequate
Allcargo Logistics Limited,Logistics Solution Provider,52,10-10-2025,Adequate
Alok Industries Limited,Other Textile Products,52,13-08-2026,Adequate
Amara Raja Energy & Mobility Limited,Auto Components & Equipments,63,28-08-2026,Strong
Amber Enterprises India Limited,Household Appliances,58,25-08-2026,Adequate
Ambuja Cements Limited,Cement & Cement Products,60,09-07-2026,Adequate
Amrutanjan Health Care Limited,Pharmaceuticals,56,08-10-2025,Adequate
Anand Rathi Wealth Limited,Financial Products Distributor,63,05-06-2026,Strong
Anant Raj Limited,"Residential, Commercial Projects",54,06-08-2026,Adequate
Andhra Paper Limited,Paper & Paper Products,58,21-08-2026,Adequate
Angel One Limited,Stockbroking & Allied,69,12-06-2026,Strong
Antony Waste Handling Cell Limited,Waste Management,60,11-09-2026,Adequate
Anupam Rasayan India Limited,Specialty Chemicals,54,13-10-2025,Adequate
Apar Industries Limited,Other Electrical Equipment,59,06-08-2026,Adequate
Apcotex Industries Limited,Rubber,58,29-06-2026,Adequate
Apollo Hospitals Enterprise Limited,Hospital,69,12-09-2026,Strong
Apollo Pipes Limited,Plastic Products - Industrial,59,24-08-2026,Adequate
Apollo Tyres Limited,Tyres & Rubber Products,66,13-08-2026,Strong
Aptus Value Housing Finance India Limited,Housing Finance Company,67,27-08-2026,Strong
Archean Chemical Industries Limited,Specialty Chemicals,55,19-06-2026,Adequate
Arvind Fashions Limited,Speciality Retail,61,07-09-2026,Strong
Arvind Limited,Garments & Apparels,57,10-08-2026,Adequate
Arvind Smartspaces Limited,"Residential, Commercial Projects",50,21-08-2026,Below average
Asahi India Glass Limited,Auto Components & Equipments,61,11-09-2026,Strong
Ashiana Housing Limited,"Residential, Commercial Projects",45,13-10-2025,Below average
Ashok Leyland Limited,Commercial Vehicles,66,25-08-2026,Strong
Ashoka Buildcon Limited,Civil Construction,50,16-10-2025,Below average
Asian Paints Limited,Paints,68,10-07-2026,Strong
Asian Star Company Limited,"Gems, Jewellery And Watches",53,16-10-2025,Adequate
Astec Lifesciences Limited,Pesticides & Agrochemicals,56,11-08-2026,Adequate
Aster DM Quality Care Limited,Hospital,64,18-09-2026,Strong
Astra Microwave Products Limited,Aerospace & Defense,65,28-09-2026,Strong
Astral Limited,Plastic Products - Industrial,63,10-09-2026,Strong
Astrazeneca Pharma India Limited,Pharmaceuticals,64,01-09-2026,Strong
Atul Limited,Specialty Chemicals,57,21-07-2026,Adequate
Aurobindo Pharma Limited,Pharmaceuticals,63,16-09-2026,Strong
Automotive Axles Limited,Auto Components & Equipments,66,13-08-2026,Strong
Avadh Sugar & Energy Limited,Sugar,61,13-08-2026,Strong
Avalon Technologies Limited,Other Electrical Equipment,48,13-10-2025,Below average
Avanti Feeds Limited,Animal Feed,60,27-08-2026,Adequate
Avenue Supermarts Limited,Diversified Retail,66,27-08-2026,Strong
AvenuesAI Limited,Financial Technology (Fintech),53,16-10-2025,Adequate
Axis Bank Limited,Private Sector Bank,75,29-07-2026,Leadership
Axis Finance Limited,Non Banking Financial Company (NBFC),57,26-06-2026,Adequate
BASF India Limited,Specialty Chemicals,61,21-08-2026,Strong
BEML Limited,Construction Vehicles,56,14-10-2025,Adequate
BF Utilities Limited,"Road Assets–Toll, Annuity, Hybrid-Annuity",37,26-12-2025,Weak
BSE Limited,Exchange and Data Platform,69,31-08-2026,Strong
Bajaj Auto Limited,2/3 Wheelers,67,07-08-2026,Strong
Bajaj Consumer Care Limited,Personal Care,61,25-08-2026,Strong
Bajaj Electricals Limited,Household Appliances,67,07-08-2026,Strong
Bajaj Finance Limited,Non Banking Financial Company (NBFC),72,06-08-2026,Leadership
Bajaj Finserv Limited,Holding Company,70,07-08-2026,Strong
Bajaj Hindusthan Sugar Limited,Sugar,61,17-09-2026,Strong
Bajaj Holdings & Investment Limited,Holding Company,70,07-08-2026,Strong
Bajaj Housing Finance Limited,Housing Finance Company,69,07-08-2026,Strong
Balaji Amines Limited,Specialty Chemicals,53,24-07-2026,Adequate
Balkrishna Industries Limited,Tyres & Rubber Products,61,12-08-2026,Strong
Balrampur Chini Mills Limited,Sugar,69,11-09-2026,Strong
Banco Products (I) Limited,Auto Components & Equipments,59,30-09-2026,Adequate
Bandhan Bank Limited,Private Sector Bank,69,04-09-2026,Strong
Bank of Baroda,Public Sector Bank,67,06-08-2026,Strong
Bank of India,Public Sector Bank,69,06-07-2026,Strong
Bank of Maharashtra,Public Sector Bank,67,14-07-2026,Strong
Bannari Amman Sugars Limited,Sugar,60,03-09-2026,Adequate
Bata India Limited,Footwear,66,25-08-2026,Strong
Bayer Cropscience Limited,Pesticides & Agrochemicals,66,31-08-2026,Strong
Bengal & Assam Company Limited,Investment Company,62,25-09-2026,Strong
Berger Paints India Limited,Paints,62,28-08-2026,Strong
Bhansali Engineering Polymers Limited,Petrochemicals,54,06-08-2026,Adequate
Bharat Bijlee Limited,Heavy Electrical Equipment,59,06-08-2026,Adequate
Bharat Dynamics Limited,Aerospace & Defense,51,15-10-2025,Adequate
Bharat Electronics Limited,Aerospace & Defense,64,11-09-2026,Strong
Bharat Forge Limited,Auto Components & Equipments,63,18-08-2026,Strong
Bharat Heavy Electricals Limited,Heavy Electrical Equipment,61,24-08-2026,Strong
Bharat Petroleum Corporation Limited,Refineries & Marketing,62,08-09-2026,Strong
Bharti Airtel Limited,Telecom - Cellular & Fixed line services,70,10-08-2026,Strong
Bharti Telecom Limited,Holding Company,54,13-10-2025,Adequate
Bikaji Foods International Limited,Packaged Foods,59,04-09-2026,Adequate
Biocon Limited,Pharmaceuticals,68,24-08-2026,Strong
Birla Corporation Limited,Cement & Cement Products,58,21-08-2026,Adequate
BirlaNu Limited,Other Construction Materials,54,29-07-2026,Adequate
Birlasoft Limited,Computers - Software & Consulting,70,05-08-2026,Strong
Black Box Limited,IT Enabled Services,64,30-09-2026,Strong
Bliss GVS Pharma Limited,Pharmaceuticals,56,07-08-2026,Adequate
Blue Dart Express Limited,Logistics Solution Provider,64,28-08-2026,Strong
Blue Star Limited,Household Appliances,62,10-08-2026,Strong
Bodal Chemicals Limited,Dyes And Pigments,56,30-09-2026,Adequate
Bombay Burmah Trading Corporation Limited,Packaged Foods,63,28-08-2026,Strong
Bombay Dyeing & Manufacturing Company Limited,Other Textile Products,55,10-08-2026,Adequate
Borosil Limited,Houseware,58,24-07-2026,Adequate
Borosil Renewables Limited,Glass - Industrial,58,11-09-2026,Adequate
Bosch Home Comfort India Limited,Household Appliances,59,02-07-2026,Adequate
Bosch Limited,Auto Components & Equipments,71,13-08-2026,Leadership
Brigade Enterprises Limited,"Residential, Commercial Projects",64,03-09-2026,Strong
Britannia Industries Limited,Packaged Foods,66,26-08-2026,Strong
Brookfield India Real Estate Trust,REIT,68,03-08-2026,Strong
Butterfly Gandhimathi Appliances Limited,Household Appliances,62,22-07-2026,Strong
C.E. Info Systems Limited,Software Products,66,05-08-2026,Strong
CCL Products (India) Limited,Tea & Coffee,58,31-08-2026,Adequate
CESC Limited,Integrated Power Utilities,59,28-09-2026,Adequate
CG Power and Industrial Solutions Limited,Heavy Electrical Equipment,65,06-08-2026,Strong
CIE Automotive India Limited,Auto Components & Equipments,57,12-05-2026,Adequate
CSB Bank Limited,Private Sector Bank,72,04-09-2026,Leadership
Camlin Fine Sciences Limited,Specialty Chemicals,50,25-08-2026,Below average
Campus Activewear Limited,Footwear,61,04-09-2026,Strong
Can Fin Homes Limited,Housing Finance Company,69,20-08-2026,Strong
Canara Bank,Public Sector Bank,69,10-07-2026,Strong
Cantabil Retail India Limited,Garments & Apparels,56,15-09-2026,Adequate
Capacit'e Infraprojects Limited,Civil Construction,54,24-07-2026,Adequate
Caplin Point Laboratories Limited,Pharmaceuticals,53,09-10-2025,Adequate
Capri Global Capital Limited,Non Banking Financial Company (NBFC),64,31-10-2025,Strong
Carborundum Universal Limited,Abrasives & Bearings,56,21-08-2026,Adequate
Cartrade Tech Limited,E-Retail/ E-Commerce,55,11-10-2025,Adequate
Carysil Limited,Household Appliances,52,14-10-2025,Adequate
Castrol India Limited,Lubricants,64,23-03-2026,Strong
Ceat Limited,Tyres & Rubber Products,65,31-08-2026,Strong
Cemindia Projects Limited,Civil Construction,59,13-07-2026,Adequate
Central Bank Of India,Public Sector Bank,68,29-07-2026,Strong
Central Depository Services (India) Limited,"Depositories, Clearing Houses and Other Intermediaries",67,21-08-2026,Strong
Centum Electronics Limited,Aerospace & Defense,60,17-08-2026,Adequate
Century Enka Limited,Other Textile Products,58,10-08-2026,Adequate
Century Plyboards (India) Limited,Plywood Boards/ Laminates,51,03-10-2025,Adequate
Cera Sanitaryware Limited,Sanitary Ware,61,29-07-2026,Strong
Chalet Hotels Limited,Hotels & Resorts,61,21-08-2026,Strong
Chambal Fertilizers & Chemicals Limited,Fertilizers,61,09-09-2026,Strong
Chemplast Sanmar Limited,Commodity Chemicals,53,25-08-2026,Adequate
Chennai Petroleum Corporation Limited,Refineries & Marketing,59,09-09-2026,Adequate
Cholamandalam Financial Holdings Limited,Investment Company,69,18-08-2026,Strong
Cholamandalam Investment & Finance Company Limited,Non Banking Financial Company (NBFC),69,14-08-2026,Strong
Cipla Limited,Pharmaceuticals,69,11-07-2026,Strong
City Union Bank Limited,Private Sector Bank,71,19-08-2026,Leadership
Clean Science & Technology Limited,Specialty Chemicals,56,02-09-2026,Adequate
Cms Info Systems Limited,Diversified Commercial Services,62,07-09-2026,Strong
Coal India Limited,Coal,59,11-09-2026,Adequate
Cochin Shipyard Limited,Ship Building & Allied Services,51,10-10-2025,Adequate
Coforge Limited,Computers - Software & Consulting,72,16-09-2026,Leadership
Cohance Lifesciences Limited,Pharmaceuticals,54,06-10-2025,Adequate
Colgate - Palmolive India Limited,Personal Care,69,10-07-2026,Strong
Computer Age Management Services Limited,"Depositories, Clearing Houses and Other Intermediaries",69,21-07-2026,Strong
Confidence Petroleum India Limited,LPG/CNG/PNG/LNG Supplier,47,20-10-2025,Below average
Container Corporation of India Limited,Logistics Solution Provider,55,10-10-2025,Adequate
Coromandel International Limited,Fertilizers,61,05-08-2026,Strong
Craftsman Automation Limited,Auto Components & Equipments,61,27-07-2026,Strong
Credila Financial Services Limited,Non Banking Financial Company (NBFC),65,24-09-2026,Strong
CreditAccess Grameen Limited,Microfinance Institutions,72,23-07-2026,Leadership
Crompton Greaves Consumer Electricals Limited,Household Appliances,66,22-07-2026,Strong
Cummins India Limited,"Compressors, Pumps & Diesel Engines",67,21-08-2026,Strong
Cyient Limited,IT Enabled Services,67,20-07-2026,Strong
D.B. Corp Limited,Print Media,62,15-09-2026,Strong
DCB Bank Limited,Private Sector Bank,70,24-07-2026,Strong
DCM Shriram Limited,Diversified,64,24-08-2026,Strong
DEN Networks Limited,TV Broadcasting & Software Production,59,20-08-2026,Adequate
DLF Limited,"Residential, Commercial Projects",64,21-08-2026,Strong
Dabur India Limited,Personal Care,66,29-07-2026,Strong
Dalmia Bharat Limited,Cement & Cement Products,60,14-07-2026,Adequate
Dalmia Bharat Sugar & Industries Limited,Sugar,64,20-07-2026,Strong
Data Patterns (India) Limited,Aerospace & Defense,61,21-08-2026,Strong
Datamatics Global Services Limited,IT Enabled Services,57,03-10-2025,Adequate
Deepak Fertilisers & Petrochemicals Corporation Limited,Commodity Chemicals,56,23-09-2026,Adequate
Deepak Nitrite Limited,Specialty Chemicals,57,28-08-2026,Adequate
Delhivery Limited,Logistics Solution Provider,63,16-09-2026,Strong
Delta Corp Limited,Amusement Parks/ Other Recreation,55,21-09-2026,Adequate
Devyani International Limited,Restaurants,62,13-08-2026,Strong
Dhani Services Limited,Other Financial Services,52,08-10-2025,Adequate
Dhanuka Agritech Limited,Pesticides & Agrochemicals,56,11-08-2026,Adequate
Dilip Buildcon Limited,Civil Construction,57,29-09-2026,Adequate
Disa India Limited,Industrial Products,58,27-08-2026,Adequate
Dishman Carbogen Amcis Limited,Pharmaceuticals,46,13-10-2025,Below average
Divi's Laboratories Limited,Pharmaceuticals,65,18-08-2026,Strong
Dixon Technologies (India) Limited,Consumer Durables,50,14-10-2025,Below average
Dodla Dairy Limited,Dairy Products,57,10-07-2026,Adequate
Dr. Lal Pathlabs Limited,Healthcare Service Provider,66,14-08-2026,Strong
Dr. Reddy's Laboratories Limited,Pharmaceuticals,73,29-07-2026,Leadership
Dynamatic Technologies Limited,Industrial Products,52,08-10-2025,Adequate
EID-Parry (India) Limited,Other Food Products,61,21-08-2026,Strong
EIH Limited,Hotels & Resorts,62,20-08-2026,Strong
EPIGRAL Limited,Specialty Chemicals,58,29-06-2026,Adequate
EPL Limited,Packaging,64,25-09-2026,Strong
ERIS Lifesciences Limited,Pharmaceuticals,54,28-07-2026,Adequate
Easy Trip Planners Limited,"Tour, Travel Related Services",58,16-10-2025,Adequate
Eclerx Services Limited,Business Process Outsourcing (BPO)/ Knowledge Process Outsourcing (KPO),76,25-09-2026,Leadership
Edelweiss Financial Services Limited,Holding Company,46,10-10-2025,Below average
Eicher Motors Limited,2/3 Wheelers,67,04-09-2026,Strong
Elantas Beck India Limited,Specialty Chemicals,56,19-05-2026,Adequate
Elecon Engineering Company Limited,Heavy Electrical Equipment,58,07-07-2026,Adequate
Electrosteel Castings Limited,Iron & Steel Products,53,09-09-2026,Adequate
Elgi Equipments Limited,"Compressors, Pumps & Diesel Engines",58,24-08-2026,Adequate
Emami Limited,Personal Care,63,11-09-2026,Strong
Embassy Developments Limited,"Residential, Commercial Projects",52,28-09-2026,Adequate
Embassy Office Parks Reit,REIT,70,05-08-2026,Strong
Emudhra Limited,IT Enabled Services,60,26-06-2026,Adequate
Endurance Technologies Limited,Auto Components & Equipments,68,06-08-2026,Strong
Engineers India Limited,Civil Construction,52,08-10-2025,Adequate
Equitas Small Finance Bank Limited,Other Bank,69,09-09-2026,Strong
Esab India Limited,Other Industrial Products,61,17-08-2026,Strong
Escorts Kubota Limited,Tractors,62,28-07-2026,Strong
Eternal Limited,E-Retail/ E-Commerce,72,01-09-2026,Leadership
Eureka Forbes Limited,Household Appliances,62,08-09-2026,Strong
Eveready Industries India Limited,Household Products,58,19-08-2026,Adequate
Everest Kanto Cylinder Limited,Industrial Products,50,07-09-2026,Below average
Excel Industries Limited,Specialty Chemicals,51,02-09-2026,Adequate
Exide Industries Limited,Auto Components & Equipments,64,28-07-2026,Strong
Expleo Solutions Limited,IT Enabled Services,68,04-09-2026,Strong
Export Import Bank of India,Financial Institutions,66,04-09-2026,Strong
FDC Limited,Pharmaceuticals,57,08-10-2025,Adequate
FINO Payments Bank Limited,Other Bank,54,09-03-2026,Adequate
FSN E-Commerce Ventures Limited,E-Retail/ E-Commerce,64,10-09-2026,Strong
Federal-Mogul Goetze India Limited,Auto Components & Equipments,52,08-10-2025,Adequate
Fertilizers And Chemicals Travancore Limited,Fertilizers,44,10-10-2025,Below average
Fiem Industries Limited,Auto Components & Equipments,60,27-07-2026,Adequate
Fine Organic Industries Limited,Specialty Chemicals,60,02-09-2026,Adequate
Fineotex Chemical Limited,Specialty Chemicals,53,25-09-2026,Adequate
Finolex Cables Limited,Cables - Electricals,52,14-10-2025,Adequate
Finolex Industries Limited,Plastic Products - Industrial,63,29-09-2026,Strong
Firstsource Solutions Limited,Business Process Outsourcing (BPO)/ Knowledge Process Outsourcing (KPO),68,04-08-2026,Strong
Five-Star Business Finance Limited,Non Banking Financial Company (NBFC),67,18-09-2026,Strong
Food Corporation of India,Trading & Distributors,43,23-01-2026,Below average
Force Motors Limited,Passenger Cars & Utility Vehicles,55,06-10-2025,Adequate
Fortis Healthcare Limited,Hospital,66,21-08-2026,Strong
Fusion Finance Limited,Microfinance Institutions,66,07-08-2026,Strong
G R Infraprojects Limited,Civil Construction,57,14-08-2026,Adequate
GANESH HOUSING LIMITED,"Residential, Commercial Projects",48,21-09-2026,Below average
GE Power India Limited,Heavy Electrical Equipment,59,28-08-2026,Adequate
GE Vernova T&D India Limited,Heavy Electrical Equipment,68,22-09-2026,Strong
GFL Limited,Holding Company,50,10-10-2025,Below average
GHCL Limited,Commodity Chemicals,59,16-07-2026,Adequate
GMM Pfaudler Limited,Industrial Products,61,13-08-2026,Strong
GNA Axles Limited,Auto Components & Equipments,54,24-06-2026,Adequate
GOCL Corporation Limited,Explosives,38,05-08-2026,Weak
GTL Infrastructure Limited,Telecom - Infrastructure,47,17-10-2025,Below average
GTPL Hathway Limited,TV Broadcasting & Software Production,55,14-10-2025,Adequate
Gabriel India Limited,Auto Components & Equipments,65,11-09-2026,Strong
Gail India Limited,Gas Transmission/Marketing,64,15-09-2026,Strong
Galaxy Surfactants Limited,Specialty Chemicals,63,25-08-2026,Strong
Gallantt Ispat Limited,Iron & Steel Products,50,16-10-2025,Below average
Ganesha Ecosphere Limited,Other Textile Products,48,13-10-2025,Below average
Garden Reach Shipbuilders and Engineers Limited,Aerospace & Defense,50,03-10-2025,Below average
Garware Hi-Tech Films Limited,Plastic Products - Industrial,55,09-10-2025,Adequate
Garware Technical Fibres Limited,Other Textile Products,62,15-09-2026,Strong
Gateway Distriparks Limited,Logistics Solution Provider,55,10-10-2025,Adequate
General Insurance Corporation of India,General Insurance,55,10-10-2025,Adequate
Genesys International Corporation Limited,IT Enabled Services,55,17-10-2025,Adequate
Genus Power Infrastructures Limited,Other Electrical Equipment,58,15-10-2025,Adequate
Geojit Financial Services Limited,Stockbroking & Allied,64,31-07-2026,Strong
Gillette India Limited,Personal Care,61,16-09-2026,Strong
Gland Pharma Limited,Pharmaceuticals,62,08-09-2026,Strong
Glaxo Smithkline Pharmaceuticals Limited,Pharmaceuticals,64,11-07-2026,Strong
Glenmark Pharmaceuticals Limited,Pharmaceuticals,66,25-09-2026,Strong
Global Health Limited,Hospital,58,03-10-2025,Adequate
Globus Spirits Limited,Breweries & Distilleries,50,07-08-2026,Below average
Go Fashion (India) Limited,Speciality Retail,60,18-09-2026,Adequate
Godawari Power and Ispat Limited,Iron & Steel Products,48,03-10-2025,Below average
Godfrey Phillips India Limited,Cigarettes & Tobacco Products,62,11-09-2026,Strong
Godrej Agrovet Limited,Animal Feed,61,07-08-2026,Strong
Godrej Consumer Products Limited,Personal Care,68,07-08-2026,Strong
Godrej Industries Limited,Diversified,70,25-08-2026,Strong
Godrej Properties Limited,"Residential, Commercial Projects",66,12-08-2026,Strong
Gokaldas Exports Limited,Garments & Apparels,61,30-09-2026,Strong
Goldiam International Limited,"Gems, Jewellery And Watches",56,14-10-2025,Adequate
Goodyear India Limited,Tyres & Rubber Products,58,11-08-2026,Adequate
Granules India Limited,Pharmaceuticals,67,24-08-2026,Strong
Graphite India Limited,Electrodes & Refractories,60,13-08-2026,Adequate
Grasim Industries Limited,Diversified,65,28-08-2026,Strong
Grauer and Weil India Limited,Commodity Chemicals,49,28-08-2026,Below average
Gravita India Limited,Industrial Minerals,59,21-09-2026,Adequate
Greaves Cotton Limited,"Compressors, Pumps & Diesel Engines",61,06-08-2026,Strong
Greenlam Industries Limited,Plywood Boards/ Laminates,58,29-07-2026,Adequate
Greenpanel Industries Limited,Plywood Boards/ Laminates,57,29-07-2026,Adequate
Greenply Industries Limited,Plywood Boards/ Laminates,55,08-09-2026,Adequate
Grindwell Norton Limited,Abrasives & Bearings,60,31-07-2026,Adequate
Gufic Biosciences Limited,Pharmaceuticals,62,25-09-2026,Strong
Gujarat Alkalies and Chemicals Limited,Commodity Chemicals,50,13-10-2025,Below average
Gujarat Ambuja Exports Limited,Other Agricultural Products,57,11-09-2026,Adequate
Gujarat Energy Limited,LPG/CNG/PNG/LNG Supplier,57,09-10-2025,Adequate
Gujarat Fluorochemicals Limited,Specialty Chemicals,56,25-09-2026,Adequate
Gujarat Industries Power Company Limited,Power Generation,51,06-10-2025,Adequate
Gujarat Mineral Development Corporation Limited,Industrial Minerals,54,13-10-2025,Adequate
Gujarat Narmada Valley Fertilizers and Chemicals Limited,Commodity Chemicals,55,21-09-2026,Adequate
Gujarat Pipavav Port Limited,Port & Port services,63,16-09-2026,Strong
Gujarat State Fertilizers and Chemicals Limited,Fertilizers,54,13-10-2025,Adequate
Gujarat State Petronet Limited,Gas Transmission/Marketing,55,09-10-2025,Adequate
Gulf Oil Lubricants India Limited,Lubricants,58,16-10-2025,Adequate
H.G. Infra Engineering Limited,Civil Construction,54,04-09-2026,Adequate
HBL Engineering Limited,Other Industrial Products,60,24-09-2026,Adequate
HCL Technologies Limited,Computers - Software & Consulting,78,03-09-2026,Leadership
HDB Financial Services Limited,Non Banking Financial Company (NBFC),68,26-06-2026,Strong
HDFC Asset Management Company Limited,Asset Management Company,72,11-07-2026,Leadership
HDFC Bank Limited,Private Sector Bank,76,21-08-2026,Leadership
HDFC Life Insurance Company Limited,Life Insurance,71,13-07-2026,Leadership
HEG Advanced Materials Limited,Electrodes & Refractories,57,04-08-2026,Adequate
HFCL Limited,Telecom - Infrastructure,58,22-09-2026,Adequate
HLE Glascoat Limited,Industrial Products,51,14-10-2025,Adequate
HMT Limited,Industrial Products,37,26-11-2025,Weak
Happiest Minds Technologies Limited,Computers - Software & Consulting,72,05-08-2026,Leadership
Harsha Engineers International Limited,Other Industrial Products,61,13-08-2026,Strong
Hathway Cable and Datacom Limited,TV Broadcasting & Software Production,54,04-09-2026,Adequate
Hatsun Agro Product Limited,Dairy Products,58,09-09-2026,Adequate
Havells India Limited,Consumer Electronics,65,23-06-2026,Strong
Hawkins Cookers Limited,Houseware,61,18-08-2026,Strong
Healthcare Global Enterprises Limited,Hospital,59,13-10-2025,Adequate
Heidelberg Cement India Limited,Cement & Cement Products,56,08-10-2025,Adequate
Hemisphere Properties India Limited,"Residential, Commercial Projects",39,13-10-2025,Weak
Heranba Industries Limited,Pesticides & Agrochemicals,55,30-09-2026,Adequate
Heritage Foods Limited,Dairy Products,59,29-07-2026,Adequate
Hero FinCorp Limited,Non Banking Financial Company (NBFC),57,10-08-2026,Adequate
Hero Motocorp Limited,2/3 Wheelers,70,20-08-2026,Strong
Hester Biosciences Limited,Pharmaceuticals,57,28-07-2026,Adequate
Hikal Limited,Pharmaceuticals,65,28-09-2026,Strong
Himadri Speciality Chemical Limited,Carbon Black,63,19-06-2026,Strong
Himatsingka Seide Limited,Other Textile Products,48,13-10-2025,Below average
Hindalco Industries Limited,Aluminium,65,12-08-2026,Strong
Hinduja Global Solutions Limited,Business Process Outsourcing (BPO)/ Knowledge Process Outsourcing (KPO),56,14-10-2025,Adequate
Hinduja Leyland Finance Limited,Non Banking Financial Company (NBFC),57,21-08-2026,Adequate
Hindustan Aeronautics Limited,Aerospace & Defense,61,04-09-2026,Strong
Hindustan Construction Company Limited,Civil Construction,52,07-08-2026,Adequate
Hindustan Copper Limited,Copper,45,08-10-2025,Below average
Hindustan Foods Limited,Diversified FMCG,55,03-10-2025,Adequate
Hindustan Oil Exploration Co. Limited,Oil Exploration & Production,51,30-09-2026,Adequate
Hindustan Petroleum Corporation Limited,Refineries & Marketing,60,04-09-2026,Adequate
Hindustan Unilever Limited,Diversified FMCG,73,15-06-2026,Leadership
Hindustan Zinc Limited,Zinc,62,20-07-2026,Strong
Hindware Home Innovation Limited,Sanitary Ware,48,07-09-2026,Below average
Hitachi Energy India Limited,Heavy Electrical Equipment,69,01-09-2026,Strong
Home First Finance Company India Limited,Housing Finance Company,69,30-06-2026,Strong
Honda India Power Products limited,Industrial Products,59,11-09-2026,Adequate
Honeywell Automation India Limited,Industrial Products,65,14-08-2026,Strong
Housing and Urban Development Corporation Limited,Financial Institutions,64,11-09-2026,Strong
Huhtamaki India Limited,Packaging,59,18-05-2026,Adequate
ICICI Bank Limited,Private Sector Bank,78,01-09-2026,Leadership
ICICI Home Finance Company Limited,Housing Finance Company,57,14-07-2026,Adequate
ICICI Lombard General Insurance Company Limited,General Insurance,73,10-07-2026,Leadership
ICICI Prudential Asset Management Company,Asset Management Company,70,30-09-2026,Strong
ICICI Prudential Life Insurance Company Limited,Life Insurance,74,13-07-2026,Leadership
IDBI Bank Limited,Private Sector Bank,66,29-07-2026,Strong
IDFC FIRST Bank Limited,Private Sector Bank,73,23-09-2026,Leadership
IFB Industries Limited,Household Appliances,60,24-07-2026,Adequate
IFCI Limited,Financial Institutions,47,14-11-2025,Below average
IIFL Capital Services Limited,Stockbroking & Allied,69,30-09-2026,Strong
IIFL Finance Limited,Non Banking Financial Company (NBFC),66,14-07-2026,Strong
IIFL Home Finance Limited,Housing Finance Company,63,31-07-2026,Strong
IOL Chemicals and Pharmaceuticals Limited,Pharmaceuticals,65,08-09-2026,Strong
ION Exchange India Limited,Water Supply & Management,60,22-09-2026,Adequate
IPCA Laboratories Limited,Pharmaceuticals,59,18-08-2026,Adequate
IRB Infrastructure Developers Limited,Civil Construction,61,29-09-2026,Strong
ISGEC Heavy Engineering Limited,Civil Construction,57,29-09-2026,Adequate
ITC Limited,Diversified FMCG,69,22-07-2026,Strong
ITI Limited,Telecom - Equipment & Accessories,45,31-10-2025,Below average
Ifgl Refractories Limited,Electrodes & Refractories,54,28-08-2026,Adequate
Igarashi Motors India Limited,Auto Components & Equipments,68,06-08-2026,Strong
IndiGrid Infrastructure Trust,Power - Transmission,63,05-08-2026,Strong
India Glycols Limited,Breweries & Distilleries,56,07-09-2026,Adequate
India Infradebt Limited,Non Banking Financial Company (NBFC),62,18-09-2026,Strong
India Pesticides Limited,Pesticides & Agrochemicals,57,02-09-2026,Adequate
India Tourism Development Corporation Limited,Hotels & Resorts,45,03-10-2025,Below average
Indiamart Intermesh Limited,Internet & Catalogue Retail,69,12-06-2026,Strong
Indian Bank,Public Sector Bank,66,30-06-2026,Strong
Indian Energy Exchange Limited,Exchange and Data Platform,67,25-09-2026,Strong
Indian Metals and Ferro Alloys Limited,Ferro & Silica Manganese,54,13-08-2026,Adequate
Indian Oil Corporation Limited,Refineries & Marketing,61,15-09-2026,Strong
Indian Overseas Bank,Public Sector Bank,67,24-07-2026,Strong
Indian Railway Catering and Tourism Corporation Limited,"Tour, Travel Related Services",63,15-09-2026,Strong
Indian Railway Finance Corporation Limited,Financial Institutions,68,11-09-2026,Strong
Indian Renewable Energy Development Agency Limited,Financial Institutions,64,20-08-2026,Strong
Indigo Paints Limited,Paints,57,03-09-2026,Adequate
Indo Count Industries Limited,Other Textile Products,59,10-08-2026,Adequate
Indo Rama Synthetics India Limited,Other Textile Products,47,22-07-2026,Below average
IndoStar Capital Finance Limited,Non Banking Financial Company (NBFC),55,10-10-2025,Adequate
Indoco Remedies Limited,Pharmaceuticals,60,22-09-2026,Adequate
Indraprastha Gas Limited,LPG/CNG/PNG/LNG Supplier,57,14-10-2025,Adequate
Indus Towers Limited,Telecom - Infrastructure,63,31-08-2026,Strong
IndusInd Bank Limited,Private Sector Bank,69,09-09-2026,Strong
Info Edge (India) Limited,Internet & Catalogue Retail,69,10-09-2026,Strong
Infobeans Technologies Limited,Computers - Software & Consulting,68,18-08-2026,Strong
Infosys Limited,Computers - Software & Consulting,82,01-07-2026,Leadership
Ingersoll Rand India Limited,"Compressors, Pumps & Diesel Engines",64,24-08-2026,Strong
Inox Wind Limited,Heavy Electrical Equipment,55,15-10-2025,Adequate
Insecticides (India) Limited,Pesticides & Agrochemicals,58,11-08-2026,Adequate
Intellect Design Arena Limited,Computers - Software & Consulting,70,05-08-2026,Strong
Interglobe Aviation Limited,Airline,64,11-09-2026,Strong
Interise Trust,"Road Assets–Toll, Annuity, Hybrid-Annuity",54,29-07-2026,Adequate
Ircon International Limited,Civil Construction,58,29-09-2026,Adequate
J B Chemicals and Pharmaceuticals Limited,Pharmaceuticals,67,01-09-2026,Strong
J. Kumar Infraprojects Limited,Civil Construction,50,08-10-2025,Below average
JBM Auto Limited,Auto Components & Equipments,63,11-09-2026,Strong
JK Cement Limited,Cement & Cement Products,60,21-07-2026,Adequate
JK Lakshmi Cement Limited,Cement & Cement Products,59,20-08-2026,Adequate
JK Paper Limited,Paper & Paper Products,59,11-09-2026,Adequate
JK Tyre and Industries Limited,Tyres & Rubber Products,65,27-08-2026,Strong
JM Financial Limited,Holding Company,66,24-08-2026,Strong
JSW Dulux Limited,Paints,62,24-07-2026,Strong
JSW Energy Limited,Power Generation,68,28-07-2026,Strong
JSW Holdings Limited,Investment Company,61,17-08-2026,Strong
JSW Steel Limited,Iron & Steel,63,11-08-2026,Strong
JTEKT India Limited,Auto Components & Equipments,64,11-09-2026,Strong
Jagran Prakashan Limited,Print Media,60,30-09-2026,Adequate
Jagsonpal Pharmaceuticals Limited,Pharmaceuticals,53,14-10-2025,Adequate
Jai Corp Limited,Plastic Products - Industrial,51,29-12-2025,Adequate
Jain Irrigation Systems Limited,Plastic Products - Industrial,57,31-08-2026,Adequate
Jaiprakash Associates Limited,Civil Construction,25,17-10-2025,Weak
Jaiprakash Power Ventures Limited,Power Generation,52,18-08-2026,Adequate
Jamna Auto Industries Limited,Auto Components & Equipments,56,08-10-2025,Adequate
Jayaswal Neco Industries Limited,Iron & Steel Products,49,22-09-2026,Below average
Jindal Poly Films Limited,Packaging,41,17-10-2025,Below average
Jindal Saw Limited,Iron & Steel Products,57,10-06-2026,Adequate
Jindal Stainless Limited,Iron & Steel,63,16-09-2026,Strong
Jindal Steel Limited,Iron & Steel,54,16-09-2026,Adequate
Jindal Worldwide Limited,Other Textile Products,53,22-09-2026,Adequate
Jubilant FoodWorks Limited,Restaurants,62,18-08-2026,Strong
Jubilant Ingrevia Limited,Specialty Chemicals,58,02-09-2026,Adequate
Jubilant Pharmova Limited,Pharmaceuticals,66,10-09-2026,Strong
Just Dial Limited,Internet & Catalogue Retail,63,18-09-2026,Strong
Jyothy Labs Limited,Household Products,62,29-07-2026,Strong
Jyoti Structures Limited,Heavy Electrical Equipment,53,04-09-2026,Adequate
K. P. R. Mill Limited,Other Textile Products,57,22-07-2026,Adequate
KEC International Limited,Civil Construction,62,07-08-2026,Strong
KEI Industries Limited,Cables - Electricals,59,13-08-2026,Adequate
KFIN Technologies Limited,"Depositories, Clearing Houses and Other Intermediaries",66,13-08-2026,Strong
KIOCL Limited,Sponge Iron,45,20-10-2025,Below average
KMC Speciality Hospitals (India) Limited,Hospital,58,13-10-2025,Adequate
KNR Constructions Limited,Civil Construction,52,13-10-2025,Adequate
KPIT Technologies Limited,Computers - Software & Consulting,69,18-09-2026,Strong
KSB Limited,"Compressors, Pumps & Diesel Engines",59,20-05-2026,Adequate
Kajaria Ceramics Limited,Ceramics,54,15-10-2025,Adequate
Kalpataru Projects International Limited,Civil Construction,61,24-07-2026,Strong
Kalyan Jewellers India Limited,"Gems, Jewellery And Watches",60,24-09-2026,Adequate
Kalyani Steels Limited,Iron & Steel Products,50,01-09-2026,Below average
Kama Holdings Limited,Holding Company,58,28-08-2026,Adequate
Kansai Nerolac Paints Limited,Paints,67,14-07-2026,Strong
Kaveri Seed Co. Limited,Other Agricultural Products,56,08-10-2025,Adequate
Kaynes Technology India Limited,Industrial Products,62,25-09-2026,Strong
Kennametal India Limited,Industrial Products,54,15-10-2025,Adequate
Kewal Kiran Clothing Limited,Garments & Apparels,54,08-10-2025,Adequate
Kiri Industries Limited,Dyes And Pigments,44,15-10-2025,Below average
Kirloskar Brothers Limited,"Compressors, Pumps & Diesel Engines",66,13-08-2026,Strong
Kirloskar Ferrous Industries Limited,Pig Iron,58,19-08-2026,Adequate
Kirloskar Industries Limited,Other Industrial Products,65,25-08-2026,Strong
Kirloskar Oil Engines Limited,"Compressors, Pumps & Diesel Engines",66,13-08-2026,Strong
Kirloskar Pneumatic Company Limited,"Compressors, Pumps & Diesel Engines",65,04-08-2026,Strong
Kitex Garments Limited,Garments & Apparels,57,30-09-2026,Adequate
Kolte-Patil Developers Limited,"Residential, Commercial Projects",53,14-08-2026,Adequate
Kotak Mahindra Bank Limited,Private Sector Bank,72,17-08-2026,Leadership
Kotak Mahindra Investments Limited,Non Banking Financial Company (NBFC),55,15-07-2026,Adequate
Kotak Mahindra Prime Limited,Non Banking Financial Company (NBFC),55,14-07-2026,Adequate
Kovai Medical Center and Hospital Limited,Hospital,63,28-08-2026,Strong
Krbl Limited,Other Agricultural Products,51,08-10-2025,Adequate
Krishna Institute of Medical Sciences Limited,Hospital,62,15-09-2026,Strong
Krsnaa Diagnostics Limited,Healthcare Service Provider,57,10-10-2025,Adequate
L G Balakrishnan and Bros Limited,Auto Components & Equipments,61,13-08-2026,Strong
L&T Finance Limited,Non Banking Financial Company (NBFC),73,17-06-2026,Leadership
L&T Technology Services Limited,IT Enabled Services,73,15-06-2026,Leadership
LA Opala R G Limited,Glass - Consumer,58,31-08-2026,Adequate
LIC Housing Finance Limited,Housing Finance Company,71,10-09-2026,Leadership
LMW Limited,Industrial Products,60,07-07-2026,Adequate
LT Foods Limited,Other Agricultural Products,54,15-10-2025,Adequate
LTM Limited,Computers - Software & Consulting,77,15-06-2026,Leadership
Landmark Cars Limited,Auto Dealer,48,09-10-2025,Below average
Larsen and Toubro Limited,Civil Construction,67,23-06-2026,Strong
Latent View Analytics Limited,Computers - Software & Consulting,68,20-07-2026,Strong
Laurus Labs Limited,Pharmaceuticals,63,11-07-2026,Strong
Laxmi Organic Industries Limited,Specialty Chemicals,57,17-08-2026,Adequate
Lemon Tree Hotels Limited,Hotels & Resorts,57,13-10-2025,Adequate
Life Insurance Corporation of India,Life Insurance,68,17-08-2026,Strong
Linde India Limited,Industrial Gases,59,28-08-2026,Adequate
Lloyds Metals and Energy Limited,Industrial Minerals,56,17-06-2026,Adequate
Lodha Developers Limited,"Residential, Commercial Projects",68,17-08-2026,Strong
Lumax Auto Technologies Limited,Auto Components & Equipments,64,04-09-2026,Strong
Lumax Industries Limited,Auto Components & Equipments,62,04-09-2026,Strong
Lupin Limited,Pharmaceuticals,69,27-08-2026,Strong
Lux Industries Limited,Garments & Apparels,54,08-10-2025,Adequate
MAS Financial Services Limited,Non Banking Financial Company (NBFC),65,16-09-2026,Strong
MM Forgings Limited,Auto Components & Equipments,57,13-08-2026,Adequate
MMTC Limited,Trading & Distributors,48,10-10-2025,Below average
MPS Limited,E-Learning,64,04-09-2026,Strong
MRF Limited,Tyres & Rubber Products,57,21-08-2026,Adequate
MSTC Limited,Trading & Distributors,51,10-10-2025,Adequate
MTAR Technologies Limited,Aerospace & Defense,56,03-10-2025,Adequate
Mahanagar Gas Limited,LPG/CNG/PNG/LNG Supplier,65,09-09-2026,Strong
Mahanagar Telephone Nigam Limited,Telecom - Cellular & Fixed line services,42,17-10-2025,Below average
Maharashtra Scooters Limited,Investment Company,69,07-08-2026,Strong
Maharashtra Seamless Limited,Iron & Steel Products,54,15-09-2026,Adequate
Mahindra Holidays and Resorts India Limited,Hotels & Resorts,62,30-07-2026,Strong
Mahindra Lifespace Developers Limited,"Residential, Commercial Projects",64,04-08-2026,Strong
Mahindra Logistics Limited,Logistics Solution Provider,66,31-07-2026,Strong
Mahindra Rural Housing Finance Limited,Housing Finance Company,59,03-07-2026,Adequate
Mahindra and Mahindra Financial Services Limited,Non Banking Financial Company (NBFC),70,14-07-2026,Strong
Mahindra and Mahindra Limited,Passenger Cars & Utility Vehicles,72,06-08-2026,Leadership
Maithan Alloys Limited,Ferro & Silica Manganese,44,17-10-2025,Below average
Man Infraconstruction Limited,Civil Construction,54,07-08-2026,Adequate
Manali Petrochemicals Limited,Petrochemicals,47,03-10-2025,Below average
Manappuram Finance Limited,Non Banking Financial Company (NBFC),67,28-08-2026,Strong
Mangalam Cement Limited,Cement & Cement Products,53,04-09-2026,Adequate
Mangalore Refinery and Petrochemicals Limited,Refineries & Marketing,58,04-09-2026,Adequate
Mankind Pharma Limited,Pharmaceuticals,64,21-08-2026,Strong
Manorama Industries Limited,Other Food Products,61,11-09-2026,Strong
Marico Limited,Edible Oil,71,07-08-2026,Leadership
Marksans Pharma Limited,Pharmaceuticals,56,24-08-2026,Adequate
Maruti Suzuki India Limited,Passenger Cars & Utility Vehicles,68,11-09-2026,Strong
Mastek Limited,Computers - Software & Consulting,70,28-09-2026,Strong
Matrimony.com Limited,Internet & Catalogue Retail,61,24-08-2026,Strong
Max Financial Services Limited,Life Insurance,70,10-09-2026,Strong
Max Healthcare Institute Limited,Hospital,68,12-08-2026,Strong
Mayur Uniquoters Limited,Leather And Leather Products,60,25-09-2026,Adequate
Mazagon Dock Shipbuilders Limited,Ship Building & Allied Services,64,18-09-2026,Strong
Medplus Health Services Limited,Pharmacy Retail,61,04-09-2026,Strong
Meesho Limited,E-Retail/ E-Commerce,60,30-09-2026,Adequate
Metro Brands Limited,Footwear,61,03-10-2025,Strong
Metropolis Healthcare Limited,Healthcare Service Provider,64,28-08-2026,Strong
Minda Corporation Limited,Auto Components & Equipments,65,04-09-2026,Strong
Mindspace Business Parks REIT (Mindspace REIT),REIT,73,07-07-2026,Leadership
Mishra Dhatu Nigam Limited,Aerospace & Defense,51,15-10-2025,Adequate
Moil Limited,Industrial Minerals,47,20-10-2025,Below average
Mold-Tek Packaging Limited,Packaging,55,16-10-2025,Adequate
Morepen Laboratories Limited,Pharmaceuticals,60,18-09-2026,Adequate
Moschip Technologies Limited,Computers - Hardware & Equipments,57,16-10-2025,Adequate
Motherson Sumi Wiring India Limited,Auto Components & Equipments,67,20-08-2026,Strong
Motilal Oswal Financial Services Limited,Stockbroking & Allied,67,31-07-2026,Strong
Motilal Oswal Home Finance Limited,Housing Finance Company,56,03-07-2026,Adequate
Mphasis Limited,Computers - Software & Consulting,67,05-08-2026,Strong
Mrs.Bectors Food Specialities Limited,Packaged Foods,62,30-09-2026,Strong
Mukand Limited,Iron & Steel Products,54,24-08-2026,Adequate
Multi Commodity Exchange of India Limited,Exchange and Data Platform,69,28-09-2026,Strong
Muthoot Finance Limited,Non Banking Financial Company (NBFC),68,16-09-2026,Strong
NACL Industries Limited,Pesticides & Agrochemicals,55,06-08-2026,Adequate
NBCC (India) Limited,Civil Construction,50,08-10-2025,Below average
NCC Limited,Civil Construction,57,08-09-2026,Adequate
NELCO Limited,Computers - Hardware & Equipments,61,31-07-2026,Strong
NHPC Limited,Power Generation,64,18-09-2026,Strong
NLC India Limited,Power Generation,49,17-10-2025,Below average
NOCIL Limited,Specialty Chemicals,59,11-08-2026,Adequate
NRB Bearings Limited,Auto Components & Equipments,65,20-08-2026,Strong
NTPC Limited,Power Generation,62,18-09-2026,Strong
Narayana Hrudayalaya Limited,Hospital,65,04-09-2026,Strong
Natco Pharma Limited,Pharmaceuticals,59,08-10-2025,Adequate
National Aluminium Company Limited,Aluminium,55,21-09-2026,Adequate
National Bank For Agriculture and Rural Development,Financial Institutions,64,25-08-2026,Strong
National Fertilizers Limited,Fertilizers,46,10-10-2025,Below average
National Highways Authority of India,"Road Assets–Toll, Annuity, Hybrid-Annuity",33,20-10-2025,Weak
National Housing Bank,Financial Institutions,52,10-12-2025,Adequate
Nava Limited,Power Generation,50,28-08-2026,Below average
Navin Fluorine International Limited,Specialty Chemicals,62,17-08-2026,Strong
Navneet Education Limited,Printing & Publication,56,14-10-2025,Adequate
Nazara Technologies Limited,Digital Entertainment,47,16-10-2025,Below average
Neogen Chemicals Limited,Specialty Chemicals,60,10-09-2026,Adequate
Nesco Limited,"Residential, Commercial Projects",66,13-08-2026,Strong
Nestle India Limited,Packaged Foods,66,19-06-2026,Strong
Network18 Media and Investments Limited,Media & Entertainment,55,02-07-2026,Adequate
Neuland Laboratories Limited,Pharmaceuticals,67,12-08-2026,Strong
Newgen Software Technologies Limited,Computers - Software & Consulting,67,20-07-2026,Strong
Niit Limited,Education,63,25-09-2026,Strong
Nilkamal Limited,Plastic Products - Consumer,58,22-07-2026,Adequate
Nippon Life India Asset Management Limited,Asset Management Company,70,24-07-2026,Strong
Nirlon Limited,"Residential, Commercial Projects",56,03-10-2025,Adequate
Nitin Spinners Limited,Other Textile Products,59,15-09-2026,Adequate
Nmdc Limited,Industrial Minerals,58,15-09-2026,Adequate
Novartis India Limited,Pharmaceuticals,57,28-07-2026,Adequate
Nuclear Power Corporation of India Limited,Power Generation,51,30-09-2026,Adequate
Nuvoco Vistas Corporation Limited,Cement & Cement Products,60,21-09-2026,Adequate
ONGC Petro additions Limited,Petrochemicals,44,17-09-2026,Below average
OPG Power Generation Power Private Limited,Power Generation,40,20-10-2025,Weak
Oberoi Realty Limited,"Residential, Commercial Projects",62,15-07-2026,Strong
Oil India Limited,Oil Exploration & Production,52,07-10-2025,Adequate
Oil and Natural Gas Corporation Limited,Oil Exploration & Production,57,16-09-2026,Adequate
Omaxe Limited,"Residential, Commercial Projects",39,16-10-2025,Weak
One 97 Communications Limited,Financial Technology (Fintech),62,11-09-2026,Strong
Oracle Financial Services Software Limited,Software Products,69,20-07-2026,Strong
Orchid Pharma Limited,Pharmaceuticals,58,22-09-2026,Adequate
Orient Cement Limited,Cement & Cement Products,58,13-07-2026,Adequate
Orient Electric Limited,Household Appliances,62,24-07-2026,Strong
Oriental Aromatics Limited,Specialty Chemicals,56,02-09-2026,Adequate
Oriental Hotels Limited,Hotels & Resorts,64,07-08-2026,Strong
PB Fintech Limited,Financial Technology (Fintech),58,14-10-2025,Adequate
PCBL Chemical Limited,Carbon Black,61,16-09-2026,Strong
PDS Limited,Trading - Textile Products,62,07-08-2026,Strong
PG Electroplast Limited,Consumer Electronics,52,10-10-2025,Adequate
PI Industries Limited,Pesticides & Agrochemicals,65,27-08-2026,Strong
PNB Housing Finance Limited,Housing Finance Company,67,03-09-2026,Strong
PNC Infratech Limited,Civil Construction,48,16-10-2025,Below average
POWERGRID Infrastructure Investment Trust,Power - Transmission,48,07-08-2026,Below Average
PSP Projects Limited,Civil Construction,56,10-07-2026,Adequate
PTC India Financial Services Limited,Non Banking Financial Company (NBFC),52,06-10-2025,Adequate
PTC India Limited,Power Trading,52,17-08-2026,Adequate
PVR INOX Limited,"Film Production, Distribution & Exhibition",61,22-09-2026,Strong
Page Industries Limited,Garments & Apparels,66,28-07-2026,Strong
Paisalo Digital Limited,Non Banking Financial Company (NBFC),61,14-10-2025,Strong
Panacea Biotec Limited,Pharmaceuticals,49,17-10-2025,Below average
Panama Petrochem Limited,Lubricants,60,11-09-2026,Adequate
Paras Defence and Space Technologies Limited,Aerospace & Defense,61,07-09-2026,Strong
Patanjali Foods Limited,Edible Oil,53,14-10-2025,Adequate
Patel Engineering Limited,Civil Construction,51,31-07-2026,Adequate
Persistent Systems Limited,Computers - Software & Consulting,77,31-08-2026,Leadership
Petronet LNG Limited,LPG/CNG/PNG/LNG Supplier,58,08-10-2025,Adequate
Pfizer Limited,Pharmaceuticals,66,29-07-2026,Strong
Pidilite Industries Limited,Specialty Chemicals,65,17-08-2026,Strong
Pilani Investment And Industries Corporation Limited,Holding Company,57,15-07-2026,Adequate
Piramal Enterprises Limited,Non Banking Financial Company (NBFC),63,14-07-2026,Strong
Piramal Finance Limited,Non Banking Financial Company (NBFC),68,23-07-2026,Strong
Pitti Engineering Limited,Industrial Products,54,14-10-2025,Adequate
Pokarna Limited,Granites & Marbles,44,14-08-2026,Below average
Poly Medicure Limited,Medical Equipment & Supplies,61,28-09-2026,Strong
Polycab India Limited,Cables - Electricals,65,07-07-2026,Strong
Polyplex Corporation Limited,Packaging,57,25-09-2026,Adequate
Poonawalla Fincorp Limited,Non Banking Financial Company (NBFC),66,13-08-2026,Strong
Power Finance Corporation Limited,Financial Institutions,71,11-09-2026,Leadership
Power Grid Corporation of India Limited,Power - Transmission,66,11-09-2026,Strong
Power Mech Projects Limited,Civil Construction,47,08-10-2025,Below average
Praj Industries Limited,Industrial Products,61,21-08-2026,Strong
Prataap Snacks Limited,Packaged Foods,55,07-08-2026,Adequate
Prestige Estates Projects Limited,"Residential, Commercial Projects",65,11-09-2026,Strong
Prime Focus Limited,Media & Entertainment,43,15-10-2025,Below average
Prince Pipes and Fittings Limited,Plastic Products - Industrial,61,22-09-2026,Strong
Prism Johnson Limited,Cement & Cement Products,56,21-08-2026,Adequate
Privi Speciality Chemicals Limited,Specialty Chemicals,62,11-08-2026,Strong
Procter & Gamble Health Limited,Pharmaceuticals,67,10-09-2026,Strong
Procter and Gamble Hygiene and Health Care Limited,Personal Care,63,21-09-2026,Strong
Punjab Chemicals and Crop Protection Limited,Pesticides & Agrochemicals,55,13-08-2026,Adequate
Punjab National Bank,Public Sector Bank,68,10-07-2026,Strong
Punjab and Sind Bank,Public Sector Bank,65,19-08-2026,Strong
Puravankara Limited,"Residential, Commercial Projects",44,16-10-2025,Below average
Quess Corp Limited,Diversified Commercial Services,66,11-09-2026,Strong
R Systems International Limited,IT Enabled Services,58,13-07-2026,Adequate
RBL Bank Limited,Private Sector Bank,71,22-09-2026,Leadership
REC Limited,Financial Institutions,73,09-09-2026,Leadership
RHI Magnesita India Limited,Electrodes & Refractories,52,10-10-2025,Adequate
RPSG Ventures Limited,Business Process Outsourcing (BPO) / Knowledge Process Outsourcing (KPO),67,21-08-2026,Strong
Radico Khaitan Limited,Breweries & Distilleries,58,07-08-2026,Adequate
Rail Vikas Nigam Limited,Civil Construction,58,15-09-2026,Adequate
Railtel Corporation of India Limited,Other Telecom Services,60,31-08-2026,Adequate
Rain Industries Limited,Petrochemicals,58,19-05-2026,Adequate
Rainbow Childrens Medicare Limited,Hospital,61,22-07-2026,Strong
Rajesh Exports Limited,"Gems, Jewellery And Watches",38,02-02-2026,Weak
Rajratan Global Wire Limited,Auto Components & Equipments,60,14-08-2026,Adequate
Rallis India Limited,Pesticides & Agrochemicals,59,19-06-2026,Adequate
Ramco Industries Limited,Other Construction Materials,58,28-08-2026,Adequate
Ramco Systems Limited,Software Products,63,25-08-2026,Strong
Ramkrishna Forgings Limited,Auto Components & Equipments,60,18-09-2026,Adequate
Ramky Infrastructure Limited,Civil Construction,47,13-10-2025,Below average
Rane Holdings Limited,Holding Company,65,25-08-2026,Strong
Rashtriya Chemicals and Fertilizers Limited,Fertilizers,49,07-11-2025,Below average
Rategain Travel Technologies Limited,Computers - Software & Consulting,60,13-10-2025,Adequate
Ratnamani Metals and Tubes Limited,Iron & Steel Products,59,27-08-2026,Adequate
RattanIndia Enterprises Limited,E-Retail/ E-Commerce,48,16-10-2025,Below average
Rattanindia Power Limited,Power Generation,48,16-10-2025,Below average
Raymond Limited,Industrial Products,55,07-08-2026,Adequate
Redington Limited,Trading & Distributors,66,10-08-2026,Strong
Relaxo Footwears Limited,Footwear,59,11-09-2026,Adequate
Reliance Industrial Infrastructure Limited,Logistics Solution Provider,59,23-06-2026,Adequate
Reliance Industries Limited,Refineries & Marketing,64,11-07-2026,Strong
Reliance Infrastructure Limited,Integrated Power Utilities,49,04-09-2026,Below average
Reliance Jio Infocomm Limited,Telecom - Cellular & Fixed line services,47,10-07-2026,Below average
Reliance Power Limited,Power Generation,47,04-09-2026,Below average
Religare Enterprises Limited,Investment Company,45,16-10-2025,Below average
Renaissance Global Limited,"Gems, Jewellery And Watches",57,06-10-2025,Adequate
Repco Home Finance Limited,Housing Finance Company,60,03-09-2026,Adequate
Responsive Industries Limited,"Furniture, Home Furnishing",51,11-09-2026,Adequate
Restaurant Brands Asia Limited,Restaurants,56,18-08-2026,Adequate
Rites Limited,Civil Construction,54,08-10-2025,Adequate
Rolex Rings Limited,Auto Components & Equipments,53,15-10-2025,Adequate
Rossari Biotech Limited,Specialty Chemicals,57,06-08-2026,Adequate
Route Mobile Limited,Other Telecom Services,65,24-09-2026,Strong
Rupa & Company Limited,Garments & Apparels,54,15-09-2026,Adequate
S H Kelkar And Company Limited,Specialty Chemicals,52,14-08-2026,Adequate
S. P. Apparels Limited,Garments & Apparels,49,16-09-2026,Below average
S.J.S. Enterprises Limited,Auto Components & Equipments,64,24-07-2026,Strong
SBI Cards and Payment Services Limited,Non Banking Financial Company (NBFC),71,08-09-2026,Leadership
SBI Life Insurance Company Limited,Life Insurance,70,04-09-2026,Strong
SIS Limited,Other Consumer Services,58,06-07-2026,Adequate
SJVN Limited,Power Generation,64,18-09-2026,Strong
SKF India Limited,Auto Components & Equipments,65,06-08-2026,Strong
SMFG India Credit Company Limited,Non Banking Financial Company (NBFC),57,20-08-2026,Adequate
SRF Limited,Commodity Chemicals,57,15-07-2026,Adequate
Safari Industries (India) Limited,Plastic Products - Consumer,64,06-08-2026,Strong
Sagar Cements Limited,Cement & Cement Products,57,14-07-2026,Adequate
Sammaan Capital Limited,Housing Finance Company,63,16-10-2025,Strong
Samvardhana Motherson International Limited,Auto Components & Equipments,66,21-08-2026,Strong
Sandhar Technologies Limited,Auto Components & Equipments,55,03-10-2025,Adequate
Sangam (India) Limited,Other Textile Products,51,17-07-2026,Adequate
Sanofi India Limited,Pharmaceuticals,66,12-05-2026,Strong
Sansera Engineering Limited,Auto Components & Equipments,57,14-10-2025,Adequate
Sapphire Foods India Limited,Restaurants,61,11-08-2026,Strong
Sarda Energy and Minerals Limited,Iron & Steel,45,13-10-2025,Below average
Saregama India Limited,Media & Entertainment,67,22-09-2026,Strong
Sasken Technologies Limited,IT Enabled Services,68,18-08-2026,Strong
Satin Creditcare Network Limited,Microfinance Institutions,67,18-08-2026,Strong
Savita Oil Technologies Ltd,Lubricants,60,18-09-2026,Adequate
Schaeffler India Limited,Auto Components & Equipments,69,14-05-2026,Strong
Schneider Electric Infrastructure Limited,Heavy Electrical Equipment,70,18-09-2026,Strong
Seamec Limited,Shipping,53,25-08-2026,Adequate
Seshasayee Paper and Boards Limited,Paper & Paper Products,53,24-06-2026,Adequate
Shaily Engineering Plastics Limited,Plastic Products - Industrial,56,13-10-2025,Adequate
Shalby Limited,Hospital,55,14-10-2025,Adequate
Shanthi Gears Limited,Industrial Products,61,04-08-2026,Strong
Sharda Cropchem Limited,Pesticides & Agrochemicals,59,11-08-2026,Adequate
Sharda Motor Industries Limited,Auto Components & Equipments,67,30-09-2026,Strong
Sheela Foam Limited,"Furniture, Home Furnishing",61,22-07-2026,Strong
Shilpa Medicare Limited,Pharmaceuticals,59,22-09-2026,Adequate
Shipping Corporation of India Limited,Shipping,57,29-09-2026,Adequate
Shoppers Stop Limited,Diversified Retail,61,30-07-2026,Strong
Shree Cement Limited,Cement & Cement Products,61,19-08-2026,Strong
Shree Renuka Sugars Limited,Sugar,52,10-10-2025,Adequate
Shriram Finance Limited,Non Banking Financial Company (NBFC),69,14-07-2026,Strong
Shriram Properties Limited,"Residential, Commercial Projects",47,13-10-2025,Below average
Shyam Metalics and Energy Limited,Iron & Steel Products,53,11-09-2026,Adequate
Siemens Limited,Heavy Electrical Equipment,69,27-08-2026,Strong
Sikka Ports & Terminals Limited,Port & Port services,37,08-06-2026,Weak
Siyaram Silk Mills Limited,Other Textile Products,55,10-08-2026,Adequate
Small Industries Development Bank of India,Financial Institutions,55,11-11-2025,Adequate
Sobha Limited,"Residential, Commercial Projects",55,06-08-2026,Adequate
Solar Industries India Limited,Explosives,57,03-09-2026,Adequate
Solara Active Pharma Sciences Limited,Pharmaceuticals,56,10-10-2025,Adequate
Somany Ceramics Limited,Ceramics,59,31-08-2026,Adequate
Sona BLW Precision Forgings Limited,Auto Components & Equipments,67,28-07-2026,Strong
Sonata Software Limited,Computers - Software & Consulting,71,05-08-2026,Leadership
Spandana Sphoorty Financial Limited,Microfinance Institutions,62,04-09-2026,Strong
SpiceJet Limited,Airline,42,15-10-2025,Below average
Star Cement Limited,Cement & Cement Products,51,08-10-2025,Adequate
Star Health and Allied Insurance Company Limited,General Insurance,67,12-09-2026,Strong
State Bank of India,Public Sector Bank,72,29-06-2026,Leadership
Steel Authority of India Limited,Iron & Steel,47,03-10-2025,Below average
Steel Strips Wheels Limited,Auto Components & Equipments,56,15-10-2025,Adequate
Sterling And Wilson Renewable Energy Limited,Civil Construction,57,17-07-2026,Adequate
Sterlite Technologies Limited,Telecom - Equipment & Accessories,59,31-08-2026,Adequate
Stove Kraft Limited,Household Appliances,59,14-10-2025,Adequate
Strides Pharma Science Limited,Pharmaceuticals,64,18-08-2026,Strong
Stylam Industries Limited,Plywood Boards/ Laminates,56,18-09-2026,Adequate
Styrenix Performance Materials Limited,Specialty Chemicals,54,15-09-2026,Adequate
Subex Limited,Software Products,59,26-08-2026,Adequate
Subros Limited,Other Industrial Products,62,30-09-2026,Strong
Sudarshan Chemical Industries Limited,Dyes And Pigments,53,10-09-2026,Adequate
Sumitomo Chemical India Limited,Pesticides & Agrochemicals,60,12-08-2026,Adequate
Sun Pharma Advanced Research Co. Limited,Pharmaceuticals,63,25-08-2026,Strong
Sun Pharmaceutical Industries Limited,Pharmaceuticals,64,12-08-2026,Strong
Sun TV Network Limited,TV Broadcasting & Software Production,59,06-10-2025,Adequate
Sundaram Finance Limited,Non Banking Financial Company (NBFC),64,14-07-2026,Strong
Sundaram Home Finance Limited,Housing Finance Company,57,03-07-2026,Adequate
Sundram Fasteners Limited,Auto Components & Equipments,64,24-06-2026,Strong
Sundrop Brands Limited,Edible Oil,56,11-09-2026,Adequate
Sunflag Iron and Steel Co.Limited,Iron & Steel Products,48,13-10-2025,Below average
Sunteck Realty Limited,"Residential, Commercial Projects",56,20-10-2025,Adequate
Suprajit Engineering Limited,Auto Components & Equipments,60,30-09-2026,Adequate
Supreme Petrochem Limited,Petrochemicals,59,29-06-2026,Adequate
Supriya Lifescience Limited,Pharmaceuticals,58,10-10-2025,Adequate
Surya Roshni Limited,Iron & Steel Products,60,25-09-2026,Adequate
Suryoday Small Finance Bank Limited,Other Bank,68,28-08-2026,Strong
Suven Life Sciences Limited,Pharmaceuticals,60,07-09-2026,Adequate
Suzlon Energy Limited,Heavy Electrical Equipment,66,29-09-2026,Strong
Swan Corp Limited,Diversified,59,25-09-2026,Adequate
Swaraj Engines Limited,"Compressors, Pumps & Diesel Engines",61,10-07-2026,Strong
Symphony Limited,Household Appliances,62,06-08-2026,Strong
Syngene International Limited,"Healthcare Research, Analytics & Technology",70,30-07-2026,Strong
Syrma SGS Technology Limited,Industrial Products,63,11-09-2026,Strong
TCI Express Limited,Logistics Solution Provider,63,06-08-2026,Strong
TD Power Systems Limited,Heavy Electrical Equipment,60,06-08-2026,Adequate
TMF Holdings Limited,Holding Company,69,30-09-2026,Strong
TTK Prestige Limited,Household Appliances,64,21-08-2026,Strong
TVS Holdings Limited,Investment Company,69,13-08-2026,Strong
TVS Motor Company Limited,2/3 Wheelers,70,13-08-2026,Strong
TVS Srichakra Limited,Tyres & Rubber Products,56,16-09-2026,Adequate
Taj G V K Hotels and Resorts Limited,Hotels & Resorts,62,25-09-2026,Strong
Tamil Nadu Newsprint and Papers Limited,Paper & Paper Products,57,25-09-2026,Adequate
Tanla Platforms Limited,Software Products,65,07-08-2026,Strong
Tarsons Products Limited,Medical Equipment & Supplies,53,10-10-2025,Adequate
Tata Capital Housing Finance Limited,Non Banking Financial Company (NBFC),63,17-09-2026,Strong
Tata Capital Limited,Holding Company,72,04-09-2026,Leadership
Tata Chemicals Limited,Commodity Chemicals,58,13-07-2026,Adequate
Tata Communications Limited,Telecom - Cellular & Fixed line services,66,14-07-2026,Strong
Tata Consultancy Services Limited,Computers - Software & Consulting,78,23-06-2026,Leadership
Tata Consumer Products Limited,Tea & Coffee,67,11-06-2026,Strong
Tata Elxsi Limited,Computers - Software & Consulting,72,26-06-2026,Leadership
Tata Investment Corporation Limited,Investment Company,70,14-07-2026,Strong
Tata Motors Passenger Vehicles Limited,Passenger Cars & Utility Vehicles,70,31-07-2026,Strong
Tata Power Renewable Energy Limited,Power Generation,57,10-08-2026,Adequate
Tata Projects Limited,Civil Construction,56,13-10-2025,Adequate
Tata Realty and Infrastructure Limited,"Residential, Commercial Projects",60,11-09-2026,Adequate
Tata Steel Limited,Iron & Steel,62,13-07-2026,Strong
Tata Teleservices (Maharashtra) Limited,Telecom - Cellular & Fixed line services,60,12-06-2026,Adequate
Tatva Chintan Pharma Chem Limited,Specialty Chemicals,51,03-10-2025,Adequate
TeamLease Services Limited,Diversified Commercial Services,59,03-10-2025,Adequate
Tech Mahindra Limited,Computers - Software & Consulting,77,20-07-2026,Leadership
Techno Electric And Engineering Company Limited,Civil Construction,47,08-10-2025,Below average
Technocraft Industries India Limited,Iron & Steel Products,51,16-10-2025,Adequate
Tega Industries Limited,Industrial Products,50,03-10-2025,Below average
Tejas Networks Limited,Telecom - Equipment & Accessories,54,10-07-2026,Adequate
Texmaco Rail & Engineering Limited,Industrial Products,51,06-10-2025,Adequate
Thangamayil Jewellery Limited,"Gems, Jewellery And Watches",59,24-07-2026,Adequate
The Andhra Sugars Limited,Commodity Chemicals,43,16-10-2025,Below average
The Anup Engineering Limited,Industrial Products,60,04-09-2026,Adequate
The Federal Bank Limited,Private Sector Bank,75,11-09-2026,Leadership
The Great Eastern Shipping Company Limited,Shipping,59,12-08-2026,Adequate
The India Cements Limited,Cement & Cement Products,52,25-08-2026,Adequate
The Indian Hotels Company Limited,Hotels & Resorts,67,14-07-2026,Strong
The Indian Hume Pipe Company Limited,Civil Construction,52,13-08-2026,Adequate
The Jammu and Kashmir Bank Limited,Private Sector Bank,69,09-09-2026,Strong
The KCP Limited,Cement & Cement Products,52,24-08-2026,Adequate
The Karnataka Bank Limited,Private Sector Bank,70,23-09-2026,Strong
The Karur Vysya Bank Limited,Private Sector Bank,74,27-08-2026,Leadership
The New India Assurance Company Limited,General Insurance,60,20-08-2026,Adequate
The Orissa Minerals Development Company Limited,Industrial Minerals,37,11-11-2025,Weak
The Phoenix Mills Limited,"Residential, Commercial Projects",43,20-10-2025,Below average
The Ramco Cements Limited,Cement & Cement Products,58,21-08-2026,Adequate
The Sandur Manganese And Iron Ores Limited,Coal,54,10-09-2026,Adequate
The South Indian Bank Limited,Private Sector Bank,71,04-09-2026,Leadership
The Supreme Industries Limited,Plastic Products - Industrial,63,16-06-2026,Strong
The Tata Power Company Limited,Integrated Power Utilities,65,15-07-2026,Strong
Themis Medicare Limited,Pharmaceuticals,57,22-09-2026,Adequate
Thermax Limited,Heavy Electrical Equipment,64,06-08-2026,Strong
Thirumalai Chemicals Limited,Commodity Chemicals,57,04-08-2026,Adequate
Thomas Cook India Limited,"Tour, Travel Related Services",58,18-09-2026,Adequate
Thyrocare Technologies Limited,Healthcare Service Provider,62,14-07-2026,Strong
Time Technoplast Limited,Plastic Products - Industrial,57,25-09-2026,Adequate
Timken India Limited,Abrasives & Bearings,62,28-08-2026,Strong
Tips Music Limited,Media & Entertainment,60,22-09-2026,Adequate
Titagarh Rail Systems Limited,Railway Wagons,56,03-10-2025,Adequate
Titan Company Limited,"Gems, Jewellery And Watches",68,13-07-2026,Strong
Torrent Pharmaceuticals Limited,Pharmaceuticals,66,16-07-2026,Strong
Torrent Power Limited,Integrated Power Utilities,65,19-08-2026,Strong
Transport Corporation of India Limited,Logistics Solution Provider,61,05-08-2026,Strong
Trent Limited,Speciality Retail,64,09-07-2026,Strong
Trident Limited,Other Textile Products,58,17-08-2026,Adequate
Triveni Engineering and Industries Limited,Sugar,62,22-09-2026,Strong
Triveni Turbine Limited,Heavy Electrical Equipment,65,21-09-2026,Strong
Ttk Healthcare Limited,Diversified,61,04-08-2026,Strong
Tube Investments Of India Limited,Auto Components & Equipments,65,13-08-2026,Strong
UCO Bank,Public Sector Bank,66,30-06-2026,Strong
UPL Limited,Pesticides & Agrochemicals,62,11-08-2026,Strong
UTI Asset Management Company Limited,Asset Management Company,72,31-07-2026,Leadership
Uflex Limited,Packaging,58,18-08-2026,Adequate
Ujjivan Small Finance Bank Limited,Other Bank,70,14-08-2026,Strong
UltraTech Cement Limited,Cement & Cement Products,64,25-08-2026,Strong
Unichem Laboratories Limited,Pharmaceuticals,57,10-08-2026,Adequate
Union Bank of India,Public Sector Bank,72,01-08-2026,Leadership
Uniparts India Limited,Auto Components & Equipments,48,08-10-2025,Below average
United Breweries Limited,Breweries & Distilleries,61,07-08-2026,Strong
United Spirits Limited,Breweries & Distilleries,67,24-08-2026,Strong
Uno Minda Limited,Auto Components & Equipments,63,17-08-2026,Strong
Usha Martin Limited,Iron & Steel Products,55,21-08-2026,Adequate
V Mart Retail Limited,Diversified Retail,62,12-08-2026,Strong
V-Guard Industries Limited,Household Appliances,68,10-08-2026,Strong
V.S.T. Tillers Tractors Limited,Tractors,63,25-09-2026,Strong
VA Tech Wabag Limited,Water Supply & Management,57,24-08-2026,Adequate
VIP Industries Limited,Plastic Products - Consumer,59,11-09-2026,Adequate
VRL Logistics Limited,Logistics Solution Provider,59,06-08-2026,Adequate
VST Industries Limited,Cigarettes & Tobacco Products,59,29-07-2026,Adequate
Vaibhav Global Limited,"Gems, Jewellery And Watches",61,19-08-2026,Strong
Vakrangee Limited,IT Enabled Services,59,14-10-2025,Adequate
Valor Estate Limited,"Residential, Commercial Projects",49,20-10-2025,Below average
Vardhman Special Steels Limited,Iron & Steel Products,53,13-10-2025,Adequate
Vardhman Textiles Limited,Other Textile Products,53,10-10-2025,Adequate
Varroc Engineering Limited,Auto Components & Equipments,62,04-09-2026,Strong
Varun Beverages Limited,Other Beverages,61,16-04-2026,Strong
Vedant Fashions Limited,Speciality Retail,61,18-09-2026,Strong
Vedanta Limited,Diversified Metals,59,27-07-2026,Adequate
Veedol Corporation Limited,Lubricants,61,10-09-2026,Strong
Venkys India Limited,Meat Products including Poultry,51,09-10-2025,Adequate
Vesuvius India Limited,Electrodes & Refractories,61,20-05-2026,Strong
Vijaya Diagnostic Centre Limited,Healthcare Service Provider,60,21-09-2026,Adequate
Vinati Organics Limited,Specialty Chemicals,59,30-09-2026,Adequate
Vindhya Telelinks Limited,Civil Construction,58,24-08-2026,Adequate
Viyash Scientific Limited,Pharmaceuticals,58,24-08-2026,Adequate
Vodafone Idea Limited,Telecom - Cellular & Fixed line services,60,28-08-2026,Adequate
Voltamp Transformers Limited,Heavy Electrical Equipment,62,06-08-2026,Strong
Voltas Limited,Household Appliances,62,02-07-2026,Strong
Welspun Corp Limited,Iron & Steel Products,57,31-07-2026,Adequate
Welspun Enterprises Limited,Civil Construction,60,11-09-2026,Adequate
Welspun Living Limited,Other Textile Products,64,15-09-2026,Strong
Wendt India Limited,Abrasives & Bearings,64,31-07-2026,Strong
West Coast Paper Mills Limited,Paper & Paper Products,58,04-09-2026,Adequate
Westlife Foodworld Limited,Restaurants,64,18-09-2026,Strong
Wheels India Limited,Auto Components & Equipments,62,10-07-2026,Strong
Whirlpool of India Limited,Household Appliances,65,22-09-2026,Strong
Wipro Limited,Computers - Software & Consulting,78,20-07-2026,Leadership
Wockhardt Limited,Pharmaceuticals,61,24-08-2026,Strong
Wonderla Holidays Limited,Amusement Parks/ Other Recreation,59,03-09-2026,Adequate
Wpil Limited,Industrial Products,53,21-08-2026,Adequate
YES Bank Limited,Private Sector Bank,74,01-09-2026,Leadership
ZF Commercial Vehicle Control Systems India Limited,Auto Components & Equipments,69,14-08-2026,Strong
Zee Entertainment Enterprises Limited,TV Broadcasting & Software Production,61,28-09-2026,Strong
Zensar Technologies Limited,Computers - Software & Consulting,74,07-08-2026,Leadership
Zydus Lifesciences Limited,Pharmaceuticals,66,24-08-2026,Strong
Zydus Wellness Limited,Packaged Foods,66,07-08-2026,Strong
