Name,Sector,ESGRating,Date,Category
360 ONE WAM LIMITED,Stockbroking & Allied,Crisil ESG 66,23-Sep-25,Strong
3M INDIA LIMITED,Diversified,Crisil ESG 60,12-Sep-25,Adequate
AADHAR HOUSING FINANCE LIMITED,Housing Finance Company,Crisil ESG 57,11-Aug-25,Adequate
AARTI DRUGS LIMITED,Pharmaceuticals,Crisil ESG 52,8-Oct-25,Adequate
AARTI INDUSTRIES LIMITED,Specialty Chemicals,Crisil ESG 55,3-Sep-25,Adequate
AAVAS FINANCIERS LIMITED,Housing Finance Company,Crisil ESG 64,1-Oct-25,Strong
ABB INDIA LIMITED,Heavy Electrical Equipment,Crisil ESG 64,20-May-25,Strong
ABBOTT INDIA LIMITED,Pharmaceuticals,Crisil ESG 58,25-Aug-25,Adequate
ACC LIMITED,Cement & Cement Products,Crisil ESG 57,10-Jul-25,Adequate
ACCELYA SOLUTIONS INDIA LIMITED,Computers - Software & Consulting,Crisil ESG 58,11-Nov-25,Adequate
ACTION CONSTRUCTION EQUIPMENT LIMITED,Construction Vehicles,Crisil ESG 51,12-Sep-25,Adequate
ACUTAAS CHEMICALS LIMITED,Pharmaceuticals,Crisil ESG 56,10-Oct-25,Adequate
ADANI ENERGY SOLUTIONS LIMITED,Power Distribution,Crisil ESG 61,11-Jul-25,Strong
ADANI ENTERPRISES LIMITED,Diversified,Crisil ESG 51,27-Jun-25,Adequate
ADANI GREEN ENERGY LIMITED,Power Generation,Crisil ESG 66,8-Jul-25,Strong
ADANI PORTS & SPECIAL ECONOMIC ZONE LIMITED,Port & Port services,Crisil ESG 61,30-Jun-25,Strong
ADANI POWER LIMITED,Integrated Power Utilities,Crisil ESG 54,2-Jul-25,Adequate
ADANI TOTAL GAS LIMITED,LPG/CNG/PNG/LNG Supplier,Crisil ESG 61,3-Jul-25,Strong
ADF FOODS LIMITED,Packaged Foods,Crisil ESG 49,8-Aug-25,Below average
ADITYA BIRLA CAPITAL LIMITED,Investment Company,Crisil ESG 64,29-Aug-25,Strong
ADITYA BIRLA FASHION & RETAIL LIMITED,Speciality Retail,Crisil ESG 65,8-Oct-25,Strong
ADITYA BIRLA HOUSING FINANCE LIMITED,Housing Finance Company,Crisil ESG 53,23-Jun-25,Adequate
ADITYA BIRLA REAL ESTATE LIMITED,Paper & Paper Products,Crisil ESG 58,14-Aug-25,Adequate
ADITYA BIRLA SUN LIFE AMC LIMITED,Asset Management Company,Crisil ESG 61,1-Aug-25,Strong
ADOR WELDING LIMITED,Other Industrial Products,Crisil ESG 56,8-Jul-25,Adequate
ADVANCED ENZYME TECHNOLOGIES LIMITED,Biotechnology,Crisil ESG 55,11-Aug-25,Adequate
AEGIS LOGISTICS LIMITED,Trading - Gas,Crisil ESG 50,29-Aug-25,Below average
AETHER INDUSTRIES LIMITED,Specialty Chemicals,Crisil ESG 51,30-Sep-25,Adequate
AFFLE 3I LIMITED,IT Enabled Services,Crisil ESG 51,8-Oct-25,Adequate
AG VENTURES LIMITED,Commodity Chemicals,Crisil ESG 52(Withdrawn),14-Aug-25,Adequate
AGI GREENPAC LIMITED,Packaging,Crisil ESG 52,16-Sep-25,Adequate
AGS TRANSACT TECHNOLOGIES LIMITED,Financial Technology (Fintech),Crisil ESG 27,19-Feb-26,Weak
AHLUWALIA CONTRACTS INDIA LIMITED,Civil Construction,Crisil ESG 50,15-Oct-25,Below average
AIA ENGINEERING LIMITED,Castings & Forgings,Crisil ESG 54,30-Sep-25,Adequate
AJANTA PHARMA LIMITED,Pharmaceuticals,Crisil ESG 60,11-Jul-25,Adequate
AKZO NOBEL INDIA LIMITED,Paints,Crisil ESG 61,5-Aug-25,Strong
ALEMBIC LIMITED,"Residential, Commercial Projects",Crisil ESG 51,13-Aug-25,Adequate
ALEMBIC PHARMACEUTICALS LIMITED,Pharmaceuticals,Crisil ESG 55,11-Jul-25,Adequate
ALICON CASTALLOY LIMITED,Auto Components & Equipments,Crisil ESG 56,3-Oct-25,Adequate
ALIVUS LIFE SCIENCES LIMITED,Pharmaceuticals,Crisil ESG 61,19-Sep-25,Strong
ALKEM LABORATORIES LIMITED*,Pharmaceuticals,Crisil ESG 58,29-Aug-25,Adequate
ALKYL AMINES CHEMICALS LIMITED,Specialty Chemicals,Crisil ESG 51,20-Jun-25,Adequate
ALLCARGO GATI LIMITED,Logistics Solution Provider,Crisil ESG 54(Withdrawn),22-Dec-25,Adequate
ALLCARGO GATI LIMITED,Logistics Solution Provider,Crisil ESG 54,10-Oct-25,Adequate
ALLCARGO LOGISTICS LIMITED,Logistics Solution Provider,Crisil ESG 52,10-Oct-25,Adequate
ALOK INDUSTRIES LIMITED,Other Textile Products,Crisil ESG 49,16-Sep-25,Below average
AMARA RAJA ENERGY & MOBILITY LIMITED,Auto Components & Equipments,Crisil ESG 58,29-Aug-25,Adequate
AMBER ENTERPRISES INDIA LIMITED,Household Appliances,Crisil ESG 58,26-Aug-25,Adequate
AMBUJA CEMENTS LIMITED,Cement & Cement Products,Crisil ESG 56,10-Jul-25,Adequate
AMRUTANJAN HEALTH CARE LIMITED,Pharmaceuticals,Crisil ESG 56,8-Oct-25,Adequate
ANAND RATHI WEALTH LIMITED,Financial Products Distributor,Crisil ESG 59,9-Jun-25,Adequate
ANANT RAJ LIMITED,"Residential, Commercial Projects",Crisil ESG 50,7-Aug-25,Below average
ANDHRA PAPER LIMITED,Paper & Paper Products,Crisil ESG 53,22-Aug-25,Adequate
ANGEL ONE LIMITED,Stockbroking & Allied,Crisil ESG 62,13-Jun-25,Strong
ANTONY WASTE HANDLING CELL LIMITED,Waste Management,Crisil ESG 54,13-Oct-25,Adequate
ANUPAM RASAYAN INDIA LIMITED,Specialty Chemicals,Crisil ESG 54,13-Oct-25,Adequate
APAR INDUSTRIES LIMITED,Other Electrical Equipment,Crisil ESG 59,7-Aug-25,Adequate
APCOTEX INDUSTRIES LIMITED,Rubber,Crisil ESG 54,30-Jun-25,Adequate
APEX FROZEN FOODS LIMITED,Seafood,Crisil ESG 53,15-Oct-25,Adequate
APL APOLLO TUBES LIMITED,Iron & Steel Products,Crisil ESG 58,1-Oct-25,Adequate
APOLLO HOSPITALS ENTERPRISE LIMITED,Hospital,Crisil ESG 61,15-Sep-25,Strong
APOLLO PIPES LIMITED,Plastic Products - Industrial,Crisil ESG 52,13-Oct-25,Adequate
APOLLO TYRES LIMITED,Tyres & Rubber Products,Crisil ESG 61,14-Aug-25,Strong
APTUS VALUE HOUSING FINANCE INDIA LIMITED,Housing Finance Company,Crisil ESG 60,9-Sep-25,Adequate
ARCHEAN CHEMICAL INDUSTRIES LIMITED,Specialty Chemicals,Crisil ESG 53,20-Jun-25,Adequate
ARVIND FASHIONS LIMITED,Speciality Retail,Crisil ESG 56,10-Sep-25,Adequate
ARVIND LIMITED,Garments & Apparels,Crisil ESG 56,11-Aug-25,Adequate
ARVIND SMARTSPACES LIMITED,"Residential, Commercial Projects",Crisil ESG 49,22-Aug-25,Below average
ASAHI INDIA GLASS LIMITED,Auto Components & Equipments,Crisil ESG 54,12-Sep-25,Adequate
ASHIANA HOUSING LIMITED,"Residential, Commercial Projects",Crisil ESG 45,13-Oct-25,Below average
ASHOK LEYLAND LIMITED,Commercial Vehicles,Crisil ESG 58,26-Aug-25,Adequate
ASHOKA BUILDCON LIMITED,Civil Construction,Crisil ESG 50,16-Oct-25,Below average
ASIAN PAINTS LIMITED,Paints,Crisil ESG 66,11-Jul-25,Strong
ASIAN STAR COMPANY LIMITED,"Gems, Jewellery And Watches",Crisil ESG 53,16-Oct-25,Adequate
ASTEC LIFESCIENCES LIMITED,Pesticides & Agrochemicals,Crisil ESG 52,12-Aug-25,Adequate
ASTER DM HEALTHCARE LIMITED,Hospital,Crisil ESG 59,19-Sep-25,Adequate
ASTRA MICROWAVE PRODUCTS LIMITED,Aerospace & Defense,Crisil ESG 55,29-Sep-25,Adequate
ASTRAL LIMITED,Plastic Products - Industrial,Crisil ESG 55,11-Sep-25,Adequate
ASTRAZENECA PHARMA INDIA LIMITED,Pharmaceuticals,Crisil ESG 58,29-Aug-25,Adequate
ATUL LIMITED,Specialty Chemicals,Crisil ESG 50,22-Jul-25,Below average
AU SMALL FINANCE BANK LIMITED,Other Bank,Crisil ESG 68,20-Aug-25,Strong
AUROBINDO PHARMA LIMITED,Pharmaceuticals,Crisil ESG 59,23-Sep-25,Adequate
AUTOMOTIVE AXLES LIMITED,Auto Components & Equipments,Crisil ESG 61,14-Aug-25,Strong
AVADH SUGAR & ENERGY LIMITED,Sugar,Crisil ESG 57,14-Aug-25,Adequate
AVALON TECHNOLOGIES LIMITED,Other Electrical Equipment,Crisil ESG 48,13-Oct-25,Below average
AVANTI FEEDS LIMITED,Animal Feed,Crisil ESG 54,28-Aug-25,Adequate
AVENUE SUPERMARTS LIMITED,Diversified Retail,Crisil ESG 61,28-Aug-25,Strong
AVENUESAI LIMITED,Financial Technology (Fintech),Crisil ESG 53,16-Oct-25,Adequate
AWL AGRI BUSINESS LIMITED,Edible Oil,Crisil ESG 57,25-Jun-25,Adequate
AXIS BANK LIMITED,Private Sector Bank,Crisil ESG 69,29-Jul-25,Strong
AXIS FINANCE LIMITED,Non Banking Financial Company (NBFC),Crisil ESG 54,27-Jun-25,Adequate
BAHADUR CHAND INVESTMENTS PRIVATE LIMITED,Holding Company,Crisil ESG 51,26-Sep-25,Adequate
BAJAJ AUTO LIMITED,2/3 Wheelers,Crisil ESG 61,8-Aug-25,Strong
BAJAJ CONSUMER CARE LIMITED,Personal Care,Crisil ESG 59,28-Aug-25,Adequate
BAJAJ ELECTRICALS LIMITED,Household Appliances,Crisil ESG 61,8-Aug-25,Strong
BAJAJ FINANCE LIMITED,Non Banking Financial Company (NBFC),Crisil ESG 66,8-Aug-25,Strong
BAJAJ FINSERV LIMITED,Holding Company,Crisil ESG 64,8-Aug-25,Strong
BAJAJ HINDUSTHAN SUGAR LIMITED,Sugar,Crisil ESG 56,23-Sep-25,Adequate
BAJAJ HOLDINGS & INVESTMENT LIMITED,Holding Company,Crisil ESG 60,8-Aug-25,Adequate
BAJAJ HOUSING FINANCE LIMITED,Housing Finance Company,Crisil ESG 61,8-Aug-25,Strong
BALAJI AMINES LIMITED,Specialty Chemicals,Crisil ESG 47,22-Aug-25,Below average
BALKRISHNA INDUSTRIES LIMITED,Tyres & Rubber Products,Crisil ESG 58,13-Aug-25,Adequate
BALRAMPUR CHINI MILLS LIMITED,Sugar,Crisil ESG 62,15-Sep-25,Strong
BANCO PRODUCTS (I) LIMITED,Auto Components & Equipments,Crisil ESG 47,1-Oct-25,Below average
BANDHAN BANK LIMITED,Private Sector Bank,Crisil ESG 66,5-Sep-25,Strong
BANK OF BARODA,Public Sector Bank,Crisil ESG 61,2-Jul-25,Strong
BANK OF INDIA,Public Sector Bank,Crisil ESG 64,2-Jul-25,Strong
BANK OF MAHARASHTRA,Public Sector Bank,Crisil ESG 62,2-Jul-25,Strong
BANNARI AMMAN SUGARS LIMITED,Sugar,Crisil ESG 55,4-Sep-25,Adequate
BASF INDIA LIMITED,Specialty Chemicals,Crisil ESG 54,22-Aug-25,Adequate
BATA INDIA LIMITED,Footwear,Crisil ESG 62,26-Aug-25,Strong
BAYER CROPSCIENCE LIMITED,Pesticides & Agrochemicals,Crisil ESG 59,1-Sep-25,Adequate
BEML LIMITED,Construction Vehicles,Crisil ESG 56,14-Oct-25,Adequate
BENGAL & ASSAM COMPANY LIMITED,Investment Company,Crisil ESG 51,15-Oct-25,Adequate
BERGER PAINTS INDIA LIMITED,Paints,Crisil ESG 58,29-Aug-25,Adequate
BF UTILITIES LIMITED,"Road Assets–Toll, Annuity, Hybrid-Annuity",Crisil ESG 37,26-Dec-25,Weak
BHANSALI ENGINEERING POLYMERS LIMITED,Specialty Chemicals,Crisil ESG 50,1-Oct-25,Below average
BHARAT BIJLEE LIMITED,Other Electrical Equipment,Crisil ESG 55,23-Sep-25,Adequate
BHARAT DYNAMICS LIMITED,Aerospace & Defense,Crisil ESG 51,15-Oct-25,Adequate
BHARAT ELECTRONICS LIMITED,Aerospace & Defense,Crisil ESG 52,12-Sep-25,Adequate
BHARAT FORGE LIMITED,Auto Components & Equipments,Crisil ESG 58,19-Aug-25,Adequate
BHARAT HEAVY ELECTRICALS LIMITED,Heavy Electrical Equipment,Crisil ESG 55,4-Sep-25,Adequate
BHARAT PETROLEUM CORPORATION LIMITED,Refineries & Marketing,Crisil ESG 55,9-Sep-25,Adequate
BHARTI AIRTEL LIMITED,Telecom - Cellular & Fixed line services,Crisil ESG 59,11-Aug-25,Adequate
BHARTI TELECOM LIMITED,Holding Company,Crisil ESG 54,13-Oct-25,Adequate
BIKAJI FOODS INTERNATIONAL LIMITED,Packaged Foods,Crisil ESG 55,1-Oct-25,Adequate
BIOCON LIMITED,Pharmaceuticals,Crisil ESG 63,25-Aug-25,Strong
BIRLA CORPORATION LIMITED,Cement & Cement Products,Crisil ESG 54,10-Sep-25,Adequate
BIRLA GROUP HOLDINGS PRIVATE LIMITED,Holding Company,Crisil ESG 39,1-Oct-25,Weak
BIRLANU LIMITED,"Furniture, Home Furnishing",Crisil ESG 53,30-Jul-25,Adequate
BIRLASOFT LIMITED,Computers - Software & Consulting,Crisil ESG 64,6-Aug-25,Strong
BLACK BOX LIMITED,IT Enabled Services,Crisil ESG 55,3-Oct-25,Adequate
BLISS GVS PHARMA LIMITED,Pharmaceuticals,Crisil ESG 55,20-Feb-26,Adequate
BLISS GVS PHARMA LIMITED,Pharmaceuticals,Crisil ESG 56,11-Aug-25,Adequate
BLUE DART EXPRESS LIMITED,Logistics Solution Provider,Crisil ESG 64,29-Aug-25,Strong
BLUE STAR LIMITED,Household Appliances,Crisil ESG 57,11-Aug-25,Adequate
BODAL CHEMICALS LIMITED,Dyes And Pigments,Crisil ESG 49,1-Oct-25,Below average
BOMBAY BURMAH TRADING CORPORATION LIMITED,Packaged Foods,Crisil ESG 57,29-Aug-25,Adequate
BOMBAY DYEING & MANUFACTURING COMPANY LIMITED,Other Textile Products,Crisil ESG 50,11-Aug-25,Below average
BOROSIL LIMITED,Houseware,Crisil ESG 58,25-Jul-25,Adequate
BOROSIL RENEWABLES LIMITED,Glass - Industrial,Crisil ESG 50,9-Oct-25,Below average
BOSCH LIMITED,Auto Components & Equipments,Crisil ESG 62,14-Aug-25,Strong
BOSCH HOME COMFORT INDIA LIMITED,Household Appliances,Crisil ESG 58,3-Jul-25,Adequate
BRIGADE ENTERPRISES LIMITED,"Residential, Commercial Projects",Crisil ESG 59,4-Sep-25,Adequate
BRITANNIA INDUSTRIES LIMITED,Packaged Foods,Crisil ESG 62,29-Aug-25,Strong
BROOKFIELD INDIA REAL ESTATE TRUST,REIT,Crisil ESG 44,6-Aug-25,Below average
BSE LIMITED,Exchange and Data Platform,Crisil ESG 63,1-Sep-25,Strong
BUTTERFLY GANDHIMATHI APPLIANCES LIMITED,Household Appliances,Crisil ESG 57,23-Jul-25,Adequate
C.E. INFO SYSTEMS LIMITED,Software Products,Crisil ESG 56,6-Aug-25,Adequate
CAMLIN FINE SCIENCES LIMITED,Specialty Chemicals,Crisil ESG 42,26-Aug-25,Below average
CAMPUS ACTIVEWEAR LIMITED,Footwear,Crisil ESG 56,8-Oct-25,Adequate
CAN FIN HOMES LIMITED,Housing Finance Company,Crisil ESG 63,3-Sep-25,Strong
CANARA BANK,Public Sector Bank,Crisil ESG 67,2-Jul-25,Strong
CANTABIL RETAIL INDIA LIMITED,Garments & Apparels,Crisil ESG 51,16-Sep-25,Adequate
CAPACIT'E INFRAPROJECTS LIMITED,Civil Construction,Crisil ESG 49,25-Jul-25,Below average
CAPLIN POINT LABORATORIES LIMITED,Pharmaceuticals,Crisil ESG 53,9-Oct-25,Adequate
CAPRI GLOBAL CAPITAL LIMITED,Non Banking Financial Company (NBFC),Crisil ESG 64,31-Oct-25,Strong
CAPRI GLOBAL CAPITAL LIMITED,Non Banking Financial Company (NBFC),Crisil ESG 63,14-Oct-25,Strong
CARBORUNDUM UNIVERSAL LIMITED,Abrasives & Bearings,Crisil ESG 47,22-Aug-25,Below average
CARTRADE TECH LIMITED,E-Retail/ E-Commerce,Crisil ESG 55,11-Oct-25,Adequate
CARYSIL LIMITED,Household Appliances,Crisil ESG 52,14-Oct-25,Adequate
CASTROL INDIA LIMITED,Lubricants,Crisil ESG 61,24-Mar-25,Strong
CCL PRODUCTS (INDIA) LIMITED,Tea & Coffee,Crisil ESG 53,1-Sep-25,Adequate
CEAT LIMITED,Tyres & Rubber Products,Crisil ESG 61,5-Sep-25,Strong
CEMINDIA PROJECTS LIMITED,Civil Construction,Crisil ESG 56,8-Aug-25,Adequate
CENTRAL BANK OF INDIA,Public Sector Bank,Crisil ESG 63,29-Jul-25,Strong
CENTRAL DEPOSITORY SERVICES (INDIA) LIMITED,"Depositories, Clearing Houses and Other Intermediaries",Crisil ESG 60,1-Sep-25,Adequate
CENTUM ELECTRONICS LIMITED,Industrial Products,Crisil ESG 52,18-Aug-25,Adequate
CENTURY ENKA LIMITED,Other Textile Products,Crisil ESG 55,11-Aug-25,Adequate
CENTURY PLYBOARDS (INDIA) LIMITED,Plywood Boards/ Laminates,Crisil ESG 51,3-Oct-25,Adequate
CERA SANITARYWARE LIMITED,Sanitary Ware,Crisil ESG 56,30-Jul-25,Adequate
CESC LIMITED,Integrated Power Utilities,Crisil ESG 54,06-Mar-26,Adequate
CESC LIMITED,Integrated Power Utilities,Crisil ESG 52,24-Sep-25,Adequate
CG POWER AND INDUSTRIAL SOLUTIONS LIMITED,Heavy Electrical Equipment,Crisil ESG 59,7-Aug-25,Adequate
CHALET HOTELS LIMITED,Hotels & Resorts,Crisil ESG 61,22-Aug-25,Strong
CHAMBAL FERTILIZERS & CHEMICALS LIMITED,Fertilizers,Crisil ESG 53,10-Sep-25,Adequate
CHEMCON SPECIALITY CHEMICALS LIMITED,Specialty Chemicals,Crisil ESG 44,22-Sep-25,Below average
CHEMPLAST SANMAR LIMITED,Commodity Chemicals,Crisil ESG 48,26-Aug-25,Below average
CHENNAI PETROLEUM CORPORATION LIMITED,Refineries & Marketing,Crisil ESG 50,10-Sep-25,Below average
CHOLAMANDALAM FINANCIAL HOLDINGS LIMITED,Investment Company,Crisil ESG 63,19-Aug-25,Strong
CHOLAMANDALAM INVESTMENT & FINANCE COMPANY LIMITED,Non Banking Financial Company (NBFC),Crisil ESG 63,18-Aug-25,Strong
CIE AUTOMOTIVE INDIA LIMITED,Auto Components & Equipments,Crisil ESG 52,16-May-25,Adequate
CIPLA LIMITED,Pharmaceuticals,Crisil ESG 63,11-Jul-25,Strong
CITY UNION BANK LIMITED,Private Sector Bank,Crisil ESG 67,20-Aug-25,Strong
CLEAN SCIENCE & TECHNOLOGY LIMITED,Specialty Chemicals,Crisil ESG 51,3-Sep-25,Adequate
CMS INFO SYSTEMS LIMITED,Diversified Commercial Services,Crisil ESG 54,8-Sep-25,Adequate
COAL INDIA LIMITED,Coal,Crisil ESG 53,12-Sep-25,Adequate
COCHIN SHIPYARD LIMITED,Ship Building & Allied Services,Crisil ESG 51,10-Oct-25,Adequate
COFORGE LIMITED,Computers - Software & Consulting,Crisil ESG 66,7-Oct-25,Strong
COHANCE LIFESCIENCES LIMITED,Pharmaceuticals,Crisil ESG 54,6-Oct-25,Adequate
COLGATE - PALMOLIVE INDIA LIMITED,Personal Care,Crisil ESG 63,11-Jul-25,Strong
COMPUTER AGE MANAGEMENT SERVICES LIMITED,"Depositories, Clearing Houses and Other Intermediaries",Crisil ESG 64,22-Jul-25,Strong
CONFIDENCE PETROLEUM INDIA LIMITED,LPG/CNG/PNG/LNG Supplier,Crisil ESG 47,20-Oct-25,Below average
CONTAINER CORPORATION OF INDIA LIMITED,Logistics Solution Provider,Crisil ESG 55,10-Oct-25,Adequate
COROMANDEL INTERNATIONAL LIMITED,Fertilizers,Crisil ESG 55,6-Aug-25,Adequate
CRAFTSMAN AUTOMATION LIMITED,Auto Components & Equipments,Crisil ESG 53,28-Jul-25,Adequate
CREDILA FINANCIAL SERVICES LIMITED,Non Banking Financial Company (NBFC),Crisil ESG 57,10-Oct-25,Adequate
CREDITACCESS GRAMEEN LIMITED,Microfinance Institutions,Crisil ESG 67,14-Aug-25,Strong
CROMPTON GREAVES CONSUMER ELECTRICALS LIMITED,Household Appliances,Crisil ESG 64,23-Jul-25,Strong
CSB BANK LIMITED,Private Sector Bank,Crisil ESG 64,10-Sep-25,Strong
CUMMINS INDIA LIMITED,"Compressors, Pumps & Diesel Engines",Crisil ESG 59,22-Aug-25,Adequate
CYIENT LIMITED,IT Enabled Services,Crisil ESG 63,31-Jul-25,Strong
D.B. CORP LIMITED,Print Media,Crisil ESG 57,16-Sep-25,Adequate
DABUR INDIA LIMITED,Personal Care,Crisil ESG 58,8-Aug-25,Adequate
DALMIA BHARAT LIMITED,Cement & Cement Products,Crisil ESG 57,15-Jul-25,Adequate
DALMIA BHARAT SUGAR & INDUSTRIES LIMITED,Sugar,Crisil ESG 61,21-Jul-25,Strong
DATA PATTERNS (INDIA) LIMITED,Aerospace & Defense,Crisil ESG 55,22-Aug-25,Adequate
DATAMATICS GLOBAL SERVICES LIMITED,IT Enabled Services,Crisil ESG 57,3-Oct-25,Adequate
DCB BANK LIMITED,Private Sector Bank,Crisil ESG 66,20-Aug-25,Strong
DCM SHRIRAM LIMITED,Diversified,Crisil ESG 57,25-Aug-25,Adequate
DEEPAK FERTILISERS & PETROCHEMICALS CORPORATION LIMITED,Commodity Chemicals,Crisil ESG 49,26-Sep-25,Below Average
DEEPAK NITRITE LIMITED,Specialty Chemicals,Crisil ESG 45,1-Sep-25,Below average
DELHIVERY LIMITED,Logistics Solution Provider,Crisil ESG 56,17-Sep-25,Adequate
DELTA CORP LIMITED,Amusement Parks/ Other Recreation,Crisil ESG 53,22-Sep-25,Adequate
DEN NETWORKS LIMITED,TV Broadcasting & Software Production,Crisil ESG 56,21-Aug-25,Adequate
DEVYANI INTERNATIONAL LIMITED,Restaurants,Crisil ESG 56,14-Aug-25,Adequate
DHAMPUR SUGAR MILLS LIMITED,Sugar,Crisil ESG 55,10-Sep-25,Adequate
DHANI SERVICES LIMITED,Other Financial Services,Crisil ESG 52,8-Oct-25,Adequate
DHANUKA AGRITECH LIMITED,Pesticides & Agrochemicals,Crisil ESG 50,12-Aug-25,Below average
DILIP BUILDCON LIMITED,Civil Construction,Crisil ESG 52,30-Sep-25,Adequate
DISA INDIA LIMITED,Industrial Products,Crisil ESG 54,29-Aug-25,Adequate
DISH TV INDIA LIMITED,TV Broadcasting & Software Production,Crisil ESG 39,21-Aug-25,Weak
DISHMAN CARBOGEN AMCIS LIMITED,Pharmaceuticals,Crisil ESG 46,13-Oct-25,Below average
DIVI'S LABORATORIES LIMITED,Pharmaceuticals,Crisil ESG 61,19-Aug-25,Strong
DIXON TECHNOLOGIES (INDIA) LIMITED,Consumer Durables,Crisil ESG 50,14-Oct-25,Below average
DLF LIMITED,"Residential, Commercial Projects",Crisil ESG 57,22-Aug-25,Adequate
DODLA DAIRY LIMITED,Dairy Products,Crisil ESG 55,11-Jul-25,Adequate
DR. LAL PATHLABS LIMITED,Healthcare Service Provider,Crisil ESG 58,7-Jul-25,Adequate
DR. REDDY'S LABORATORIES LIMITED,Pharmaceuticals,Crisil ESG 66,30-Jul-25,Strong
DWARIKESH SUGAR INDUSTRIES LIMITED,Sugar,Crisil ESG 57,22-Aug-25,Adequate
DYNAMATIC TECHNOLOGIES LIMITED,Industrial Products,Crisil ESG 52,8-Oct-25,Adequate
EASY TRIP PLANNERS LIMITED,"Tour, Travel Related Services",Crisil ESG 58,16-Oct-25,Adequate
ECLERX SERVICES LIMITED,Business Process Outsourcing (BPO)/ Knowledge Process Outsourcing (KPO),Crisil ESG 71,26-Sep-25,Leadership
EDELWEISS FINANCIAL SERVICES LIMITED,Holding Company,Crisil ESG 46,10-Oct-25,Below average
EDELWEISS RURAL & CORPORATE SERVICES LIMITED,Other Capital Market related Services,Crisil ESG 38,29-Sep-25,Weak
EICHER MOTORS LIMITED,2/3 Wheelers,Crisil ESG 58,5-Sep-25,Adequate
EID-PARRY (INDIA) LIMITED,Fertilizers,Crisil ESG 57,22-Aug-25,Adequate
EIH LIMITED,Hotels & Resorts,Crisil ESG 55,21-Aug-25,Adequate
ELANTAS BECK INDIA LIMITED,Specialty Chemicals,Crisil ESG 52,20-May-25,Adequate
ELECON ENGINEERING COMPANY LIMITED,Heavy Electrical Equipment,Crisil ESG 50,8-Jul-25,Below average
ELECTROSTEEL CASTINGS LIMITED,Iron & Steel Products,Crisil ESG 50,10-Sep-25,Below average
ELGI EQUIPMENTS LIMITED,"Compressors, Pumps & Diesel Engines",Crisil ESG 50,25-Aug-25,Below Average
EMAMI LIMITED,Personal Care,Crisil ESG 56,15-Sep-25,Adequate
EMAMI PAPER MILLS LIMITED,Paper & Paper Products,Crisil ESG 53,19-Sep-25,Adequate
EMBASSY DEVELOPMENTS LIMITED,"Residential, Commercial Projects",Crisil ESG 47,16-Oct-25,Below average
EMBASSY OFFICE PARKS REIT,REIT,Crisil ESG 53,6-Aug-25,Adequate
EMUDHRA LIMITED,IT Enabled Services,Crisil ESG 56,27-Jun-25,Adequate
ENDURANCE TECHNOLOGIES LIMITED,Auto Components & Equipments,Crisil ESG 59,7-Aug-25,Adequate
ENGINEERS INDIA LIMITED,Civil Construction,Crisil ESG 52,8-Oct-25,Adequate
ENTERTAINMENT NETWORK (INDIA) LIMITED,Media & Entertainment,Crisil ESG 56,29-Sep-25,Adequate
EPIGRAL LIMITED,Specialty Chemicals,Crisil ESG 52,30-Jun-25,Adequate
EPL LIMITED,Packaging,Crisil ESG 57,26-Sep-25,Adequate
EQUITAS SMALL FINANCE BANK LIMITED,Other Bank,Crisil ESG 66,10-Sep-25,Strong
ERIS LIFESCIENCES LIMITED,Pharmaceuticals,Crisil ESG 53,30-Jul-25,Adequate
ESAB INDIA LIMITED,Other Industrial Products,Crisil ESG 54,22-Aug-25,Adequate
ESCORTS KUBOTA LIMITED,Tractors,Crisil ESG 53,28-Jul-25,Adequate
ETERNAL LIMITED,E-Retail/ E-Commerce,Crisil ESG 62,2-Sep-25,Strong
EUREKA FORBES LIMITED,Household Appliances,Crisil ESG 58,1-Oct-25,Adequate
EVEREADY INDUSTRIES INDIA LIMITED,Household Products,Crisil ESG 51,20-Aug-25,Adequate
EVEREST INDUSTRIES LIMITED,Other Construction Materials,Crisil ESG 57,3-Oct-25,Adequate
EVEREST KANTO CYLINDER LIMITED,Industrial Products,Crisil ESG 49,8-Sep-25,Below average
EXCEL INDUSTRIES LIMITED,Specialty Chemicals,Crisil ESG 50,3-Sep-25,Below average
EXIDE INDUSTRIES LIMITED,Auto Components & Equipments,Crisil ESG 58,13-Aug-25,Adequate
EXIM BANK,Financial Institutions,Crisil ESG 50,8-Sep-25,Below average
EXPLEO SOLUTIONS LIMITED,IT Enabled Services,Crisil ESG 62,5-Sep-25,Strong
FDC LIMITED,Pharmaceuticals,Crisil ESG 57,8-Oct-25,Adequate
FEDERAL-MOGUL GOETZE INDIA LIMITED,Auto Components & Equipments,Crisil ESG 52,8-Oct-25,Adequate
FERTILISERS AND CHEMICALS TRAVANCORE LIMITED,Fertilizers,Crisil ESG 44,10-Oct-25,Below average
FIEM INDUSTRIES LIMITED,Auto Components & Equipments,Crisil ESG 54,28-Jul-25,Adequate
FINE ORGANIC INDUSTRIES LIMITED,Specialty Chemicals,Crisil ESG 55,3-Sep-25,Adequate
FINEOTEX CHEMICAL LIMITED,Specialty Chemicals,Crisil ESG 47,26-Sep-25,Below average
FINO PAYMENTS BANK LIMITED,Other Bank,Crisil ESG 54,09-Mar-26,Adequate
FINO PAYMENTS BANK LIMITED,Other Bank,Crisil ESG 57,15-Sep-25,Adequate
FINOLEX CABLES LIMITED,Cables - Electricals,Crisil ESG 52,14-Oct-25,Adequate
FINOLEX INDUSTRIES LIMITED,Plastic Products - Industrial,Crisil ESG 56,30-Sep-25,Adequate
FIRSTSOURCE SOLUTIONS LIMITED,Business Process Outsourcing (BPO)/ Knowledge Process Outsourcing (KPO),Crisil ESG 68,6-Aug-25,Strong
FIVE-STAR BUSINESS FINANCE LIMITED,Non Banking Financial Company (NBFC),Crisil ESG 61,26-Sep-25,Strong
FOOD CORPORATION OF INDIA,Trading & Distributors,Crisil ESG 43,23-Jan-26,Below average
FORCE MOTORS LIMITED,Passenger Cars & Utility Vehicles,Crisil ESG 55,6-Oct-25,Adequate
FORTIS HEALTHCARE LIMITED,Hospital,Crisil ESG 58,22-Aug-25,Adequate
FSN E-COMMERCE VENTURES LIMITED,E-Retail/ E-Commerce,Crisil ESG 57,11-Sep-25,Adequate
FUSION FINANCE LIMITED,Microfinance Institutions,Crisil ESG 63,8-Aug-25,Strong
G R INFRAPROJECTS LIMITED,Civil Construction,Crisil ESG 50,3-Oct-25,Below average
GABRIEL INDIA LIMITED,Auto Components & Equipments,Crisil ESG 61,12-Sep-25,Strong
GAIL INDIA LIMITED,Gas Transmission/Marketing,Crisil ESG 57,16-Sep-25,Adequate
GALAXY SURFACTANTS LIMITED,Specialty Chemicals,Crisil ESG 57,26-Aug-25,Adequate
GALLANTT ISPAT LIMITED,Iron & Steel Products,Crisil ESG 50,16-Oct-25,Below average
GANESH HOUSING LIMITED,"Residential, Commercial Projects",Crisil ESG 44,22-Sep-25,Below average
GANESHA ECOSPHERE LIMITED,Other Textile Products,Crisil ESG 48,13-Oct-25,Below average
GARDEN REACH SHIPBUILDERS AND ENGINEERS LIMITED,Aerospace & Defense,Crisil ESG 50,3-Oct-25,Below average
GARWARE HI-TECH FILMS LIMITED,Plastic Products - Industrial,Crisil ESG 55,9-Oct-25,Adequate
GARWARE TECHNICAL FIBRES LIMITED,Other Textile Products,Crisil ESG 55,16-Sep-25,Adequate
GATEWAY DISTRIPARKS LIMITED,Logistics Solution Provider,Crisil ESG 55,10-Oct-25,Adequate
GE POWER INDIA LIMITED,Heavy Electrical Equipment,Crisil ESG 56,29-Aug-25,Adequate
GE VERNOVA T&D INDIA LIMITED,Heavy Electrical Equipment,Crisil ESG 58,23-Sep-25,Adequate
GENERAL INSURANCE CORPORATION OF INDIA,General Insurance,Crisil ESG 55,10-Oct-25,Adequate
GENESYS INTERNATIONAL CORPORATION LIMITED,IT Enabled Services,Crisil ESG 55,17-Oct-25,Adequate
GENUS POWER INFRASTRUCTURES LIMITED,Other Electrical Equipment,Crisil ESG 58,15-Oct-25,Adequate
GEOJIT FINANCIAL SERVICES LIMITED,Stockbroking & Allied,Crisil ESG 60,1-Aug-25,Adequate
GFL LIMITED,Holding Company,Crisil ESG 50,10-Oct-25,Below Average
GHCL LIMITED,Commodity Chemicals,Crisil ESG 53,22-Jul-25,Adequate
GIC HOUSING FINANCE LIMITED,Housing Finance Company,Crisil ESG 57,29-Aug-25,Adequate
GILLETTE INDIA LIMITED,Personal Care,Crisil ESG 55,17-Sep-25,Adequate
GLAND PHARMA LIMITED,Pharmaceuticals,Crisil ESG 54,9-Sep-25,Adequate
GLAXO SMITHKLINE PHARMACEUTICALS LIMITED,Pharmaceuticals,Crisil ESG 61,11-Jul-25,Strong
GLENMARK PHARMACEUTICALS LIMITED,Pharmaceuticals,Crisil ESG 61,8-Oct-25,Strong
GLOBAL HEALTH LIMITED,Hospital,Crisil ESG 58,3-Oct-25,Adequate
GLOBUS SPIRITS LIMITED,Breweries & Distilleries,Crisil ESG 50,8-Aug-25,Below average
GMM PFAUDLER LIMITED,Industrial Products,Crisil ESG 50,14-Aug-25,Below average
GNA AXLES LIMITED,Auto Components & Equipments,Crisil ESG 49,25-Jun-25,Below average
GO FASHION (INDIA) LIMITED,Speciality Retail,Crisil ESG 58,19-Sep-25,Adequate
GOCL CORPORATION LIMITED,Explosives,Crisil ESG 37,6-Aug-25,Weak
GODAWARI POWER AND ISPAT LIMITED,Iron & Steel Products,Crisil ESG 48,3-Oct-25,Below average
GODFREY PHILLIPS INDIA LIMITED,Cigarettes & Tobacco Products,Crisil ESG 55,15-Sep-25,Adequate
GODREJ AGROVET LIMITED,Animal Feed,Crisil ESG 54,8-Aug-25,Adequate
GODREJ CONSUMER PRODUCTS LIMITED,Personal Care,Crisil ESG 60,8-Aug-25,Adequate
GODREJ INDUSTRIES LIMITED,Diversified,Crisil ESG 58,26-Aug-25,Adequate
GODREJ PROPERTIES LIMITED,"Residential, Commercial Projects",Crisil ESG 62,13-Aug-25,Strong
GOKALDAS EXPORTS LIMITED,Garments & Apparels,Crisil ESG 54,1-Oct-25,Adequate
GOLDIAM INTERNATIONAL LIMITED,"Gems, Jewellery And Watches",Crisil ESG 56,14-Oct-25,Adequate
GOODYEAR INDIA LIMITED,Tyres & Rubber Products,Crisil ESG 55,12-Aug-25,Adequate
GRANULES INDIA LIMITED,Pharmaceuticals,Crisil ESG 60,25-Aug-25,Adequate
GRAPHITE INDIA LIMITED,Electrodes & Refractories,Crisil ESG 53,14-Aug-25,Adequate
GRASIM INDUSTRIES LIMITED,Diversified,Crisil ESG 61,29-Aug-25,Strong
GRAUER AND WEIL INDIA LIMITED,Commodity Chemicals,Crisil ESG 48,29-Aug-25,Below average
GRAVITA INDIA LIMITED,Industrial Minerals,Crisil ESG 53,22-Sep-25,Adequate
GREAVES COTTON LIMITED,"Compressors, Pumps & Diesel Engines",Crisil ESG 56,7-Aug-25,Adequate
GREENLAM INDUSTRIES LIMITED,Plywood Boards/ Laminates,Crisil ESG 54,30-Jul-25,Adequate
GREENPANEL INDUSTRIES LIMITED,Plywood Boards/ Laminates,Crisil ESG 53,30-Jul-25,Adequate
GREENPLY INDUSTRIES LIMITED,Plywood Boards/ Laminates,Crisil ESG 51,9-Sep-25,Adequate
GRINDWELL NORTON LIMITED,Abrasives & Bearings,Crisil ESG 54,5-Aug-25,Adequate
GTL INFRASTRUCTURE LIMITED,Telecom - Infrastructure,Crisil ESG 47,17-Oct-25,Below average
GTPL HATHWAY LIMITED,TV Broadcasting & Software Production,Crisil ESG 55,14-Oct-25,Adequate
GUFIC BIOSCIENCES LIMITED,Pharmaceuticals,Crisil ESG 53,14-Oct-25,Adequate
GUJARAT ALKALIES AND CHEMICALS LIMITED,Commodity Chemicals,Crisil ESG 50,13-Oct-25,Below average
GUJARAT AMBUJA EXPORTS LIMITED,Other Agricultural Products,Crisil ESG 51,15-Sep-25,Adequate
GUJARAT FLUOROCHEMICALS LIMITED,Specialty Chemicals,Crisil ESG 49,26-Sep-25,Below average
GUJARAT GAS LIMITED,LPG/CNG/PNG/LNG Supplier,Crisil ESG 57,9-Oct-25,Adequate
GUJARAT INDUSTRIES POWER COMPANY LIMITED,Power Generation,Crisil ESG 51,6-Oct-25,Adequate
GUJARAT MINERAL DEVELOPMENT CORPORATION LIMITED,Industrial Minerals,Crisil ESG 54,13-Oct-25,Adequate
GUJARAT NARMADA VALLEY FERTILIZERS AND CHEMICALS LIMITED,Commodity Chemicals,Crisil ESG 51,22-Sep-25,Adequate
GUJARAT PIPAVAV PORT LIMITED,Port & Port services,Crisil ESG 57,17-Sep-25,Adequate
GUJARAT STATE FERTILIZERS AND CHEMICALS LIMITED,Fertilizers,Crisil ESG 54,13-Oct-25,Adequate
GUJARAT STATE PETRONET LIMITED,Gas Transmission/Marketing,Crisil ESG 55,9-Oct-25,Adequate
GULF OIL LUBRICANTS INDIA LIMITED,Lubricants,Crisil ESG 58,16-Oct-25,Adequate
GULSHAN POLYOLS LIMITED,Other Agricultural Products,Crisil ESG 49,3-Oct-25,Below average
H.G. INFRA ENGINEERING LIMITED,Civil Construction,Crisil ESG 52,5-Sep-25,Adequate
HAPPIEST MINDS TECHNOLOGIES LIMITED,Computers - Software & Consulting,Crisil ESG 67,6-Aug-25,Strong
HARSHA ENGINEERS INTERNATIONAL LIMITED,Other Industrial Products,Crisil ESG 52,29-Sep-25,Adequate
HATHWAY CABLE AND DATACOM LIMITED,TV Broadcasting & Software Production,Crisil ESG 48,10-Oct-25,Below average
HATSUN AGRO PRODUCT LIMITED,Dairy Products,Crisil ESG 53,10-Sep-25,Adequate
HAVELLS INDIA LIMITED,Consumer Electronics,Crisil ESG 64,25-Jun-25,Strong
HAWKINS COOKERS LIMITED,Houseware,Crisil ESG 56,21-Aug-25,Adequate
HBL ENGINEERING LIMITED,Other Industrial Products,Crisil ESG 54,25-Sep-25,Adequate
HCL TECHNOLOGIES LIMITED,Computers - Software & Consulting,Crisil ESG 74,11-Sep-25,Leadership
HDB FINANCIAL SERVICES LIMITED,Non Banking Financial Company (NBFC),Crisil ESG 58,27-Jun-25,Adequate
HDFC ASSET MANAGEMENT COMPANY LIMITED,Asset Management Company,Crisil ESG 66,11-Jul-25,Strong
HDFC BANK LIMITED,Private Sector Bank,Crisil ESG 72,22-Aug-25,Leadership
HDFC LIFE INSURANCE COMPANY LIMITED,Life Insurance,Crisil ESG 64,14-Jul-25,Strong
HDFC SECURITIES LIMITED,Stockbroking & Allied,Crisil ESG 44,28-Aug-25,Below average
HEALTHCARE GLOBAL ENTERPRISES LIMITED,Hospital,Crisil ESG 59,13-Oct-25,Adequate
HEG LIMITED,Electrodes & Refractories,Crisil ESG 53,18-Aug-25,Adequate
HEIDELBERG CEMENT INDIA LIMITED,Cement & Cement Products,Crisil ESG 56,8-Oct-25,Adequate
HEMISPHERE PROPERTIES INDIA LIMITED,"Residential, Commercial Projects",Crisil ESG 39,13-Oct-25,Weak
HERANBA INDUSTRIES LIMITED,Pesticides & Agrochemicals,Crisil ESG 51,1-Oct-25,Adequate
HERITAGE FOODS LIMITED,Dairy Products,Crisil ESG 57,7-Aug-25,Adequate
HERO FINCORP LIMITED,Non Banking Financial Company (NBFC),Crisil ESG 55,11-Aug-25,Adequate
HERO MOTOCORP LIMITED,2/3 Wheelers,Crisil ESG 63,21-Aug-25,Strong
HESTER BIOSCIENCES LIMITED,Pharmaceuticals,Crisil ESG 54,19-Aug-25,Adequate
HFCL LIMITED,Telecom - Infrastructure,Crisil ESG 55,23-Sep-25,Adequate
HIKAL LIMITED,Pharmaceuticals,Crisil ESG 55,30-Sep-25,Adequate
HIMADRI SPECIALITY CHEMICAL LIMITED,Carbon Black,Crisil ESG 57,20-Jun-25,Adequate
HIMATSINGKA SEIDE LIMITED,Other Textile Products,Crisil ESG 48,13-Oct-25,Below average
HINDALCO INDUSTRIES LIMITED,Aluminium,Crisil ESG 60,29-Aug-25,Adequate
HINDUJA GLOBAL SOLUTIONS LIMITED,Business Process Outsourcing (BPO)/ Knowledge Process Outsourcing (KPO),Crisil ESG 56,14-Oct-25,Adequate
HINDUJA LEYLAND FINANCE LIMITED,Non Banking Financial Company (NBFC),Crisil ESG 52,22-Aug-25,Adequate
HINDUSTAN AERONAUTICS LIMITED,Aerospace & Defense,Crisil ESG 52,5-Sep-25,Adequate
HINDUSTAN CONSTRUCTION COMPANY LIMITED,Civil Construction,Crisil ESG 47,8-Aug-25,Below average
HINDUSTAN COPPER LIMITED,Copper,Crisil ESG 45,8-Oct-25,Below average
HINDUSTAN FOODS LIMITED,Diversified FMCG,Crisil ESG 55,3-Oct-25,Adequate
HINDUSTAN OIL EXPLORATION CO. LIMITED,Oil Exploration & Production,Crisil ESG 46,1-Oct-25,Below average
HINDUSTAN PETROLEUM CORPORATION LIMITED,Refineries & Marketing,Crisil ESG 51,6-Sep-25,Adequate
HINDUSTAN UNILEVER LIMITED,Diversified FMCG,Crisil ESG 65,16-Jun-25,Strong
HINDUSTAN ZINC LIMITED,Zinc,Crisil ESG 55,9-Sep-25,Adequate
HINDWARE HOME INNOVATION LIMITED,Sanitary Ware,Crisil ESG 43,10-Oct-25,Below average
HITACHI ENERGY INDIA LIMITED,Heavy Electrical Equipment,Crisil ESG 61,2-Sep-25,Strong
HLE GLASCOAT LIMITED,Industrial Products,Crisil ESG 51,14-Oct-25,Adequate
HMT LIMITED,Industrial Products,Crisil ESG 37,26-Nov-25,Weak
HOME FIRST FINANCE COMPANY INDIA LIMITED,Housing Finance Company,Crisil ESG 64,1-Jul-25,Strong
HONDA INDIA POWER PRODUCTS LIMITED,Industrial Products,Crisil ESG 52,30-Sep-25,Adequate
HONEYWELL AUTOMATION INDIA LIMITED,Industrial Products,Crisil ESG 58,8-Jul-25,Adequate
HOUSING AND URBAN DEVELOPMENT CORPORATION LIMITED,Financial Institutions,Crisil ESG 58,1-Oct-25,Adequate
HUHTAMAKI INDIA LIMITED,Packaging,Crisil ESG 54,19-May-25,Adequate
ICICI BANK LIMITED,Private Sector Bank,Crisil ESG 70,10-Sep-25,Strong
ICICI HOME FINANCE COMPANY LIMITED,Housing Finance Company,Crisil ESG 54,15-Jul-25,Adequate
ICICI LOMBARD GENERAL INSURANCE COMPANY LIMITED,General Insurance,Crisil ESG 64,14-Jul-25,Strong
ICICI PRUDENTIAL LIFE INSURANCE COMPANY LIMITED,Life Insurance,Crisil ESG 63,14-Jul-25,Strong
ICICI SECURITIES LIMITED,Stockbroking & Allied,Crisil ESG 67 (Withdrawn),18-Dec-25,Strong
IDBI BANK LIMITED,Private Sector Bank,Crisil ESG 63,29-Jul-25,Strong
IDFC FIRST BANK LIMITED,Private Sector Bank,Crisil ESG 68,04-Mar-26,Strong
IDFC FIRST BANK LIMITED,Private Sector Bank,Crisil ESG 69,29-Jul-25,Strong
IFB INDUSTRIES LIMITED,Household Appliances,Crisil ESG 57,25-Jul-25,Adequate
IFCI LIMITED,Financial Institutions,Crisil ESG 47,14-Nov-25,Below average
IFGL REFRACTORIES LIMITED,Electrodes & Refractories,Crisil ESG 50,12-Sep-25,Below average
IGARASHI MOTORS INDIA LIMITED,Auto Components & Equipments,Crisil ESG 62,7-Aug-25,Strong
IIFL CAPITAL SERVICES LIMITED,Stockbroking & Allied,Crisil ESG 63,1-Oct-25,Strong
IIFL FINANCE LIMITED,Non Banking Financial Company (NBFC),Crisil ESG 60,15-Jul-25,Adequate
IIFL HOME FINANCE LIMITED,Housing Finance Company,Crisil ESG 60,14-Aug-25,Adequate
INDIA GLYCOLS LIMITED,Breweries & Distilleries,Crisil ESG 51,15-Oct-25,Adequate
INDIA INFRADEBT LIMITED,Non Banking Financial Company (NBFC),Crisil ESG 57,19-Sep-25,Adequate
INDIA PESTICIDES LIMITED,Pesticides & Agrochemicals,Crisil ESG 50,3-Sep-25,Below average
INDIA TOURISM DEVELOPMENT CORPORATION LIMITED,Hotels & Resorts,Crisil ESG 45,3-Oct-25,Below average
INDIAMART INTERMESH LIMITED,Internet & Catalogue Retail,Crisil ESG 61,13-Jun-25,Strong
INDIAN BANK,Public Sector Bank,Crisil ESG 60,1-Jul-25,Adequate
INDIAN ENERGY EXCHANGE LIMITED,Exchange and Data Platform,Crisil ESG 57,26-Sep-25,Adequate
INDIAN METALS AND FERRO ALLOYS LIMITED,Ferro & Silica Manganese,Crisil ESG 48,14-Aug-25,Below average
INDIAN OIL CORPORATION LIMITED,Refineries & Marketing,Crisil ESG 53,16-Sep-25,Adequate
INDIAN OVERSEAS BANK,Public Sector Bank,Crisil ESG 60,2-Jul-25,Adequate
INDIAN RAILWAY CATERING AND TOURISM CORPORATION LIMITED,"Tour, Travel Related Services",Crisil ESG 60,16-Sep-25,Adequate
INDIAN RAILWAY FINANCE CORPORATION LIMITED,Financial Institutions,Crisil ESG 54,15-Sep-25,Adequate
INDIAN RENEWABLE ENERGY DEVELOPMENT AGENCY LIMITED,Financial Institutions,Crisil ESG 66,21-Aug-25,Strong
INDIGO PAINTS LIMITED,Paints,Crisil ESG 55,4-Sep-25,Adequate
INDIGRID INFRASTRUCTURE TRUST,Power - Transmission,Crisil ESG 50,6-Aug-25,Below average
INDO COUNT INDUSTRIES LIMITED,Other Textile Products,Crisil ESG 55,11-Aug-25,Adequate
INDO RAMA SYNTHETICS INDIA LIMITED,Other Textile Products,Crisil ESG 47,23-Jul-25,Below average
INDOCO REMEDIES LIMITED,Pharmaceuticals,Crisil ESG 54,23-Sep-25,Adequate
INDOSTAR CAPITAL FINANCE LIMITED,Non Banking Financial Company (NBFC),Crisil ESG 55,10-Oct-25,Adequate
INDRAPRASTHA GAS LIMITED,LPG/CNG/PNG/LNG Supplier,Crisil ESG 57,14-Oct-25,Adequate
INDUS TOWERS LIMITED,Telecom - Infrastructure,Crisil ESG 57,1-Sep-25,Adequate
INDUSIND BANK LIMITED,Private Sector Bank,Crisil ESG 61,10-Sep-25,Strong
INFO EDGE (INDIA) LIMITED,Internet & Catalogue Retail,Crisil ESG 61,11-Sep-25,Strong
INFOBEANS TECHNOLOGIES LIMITED,Computers - Software & Consulting,Crisil ESG 59,19-Aug-25,Adequate
INFOSYS LIMITED,Computers - Software & Consulting,Crisil ESG 77,2-Jul-25,Leadership
INGERSOLL RAND INDIA LIMITED,"Compressors, Pumps & Diesel Engines",Crisil ESG 59,25-Aug-25,Adequate
INOX WIND ENERGY LIMITED,Heavy Electrical Equipment,Crisil ESG 54 (Withdrawn),8-Jan-26,Adequate
INOX WIND LIMITED,Heavy Electrical Equipment,Crisil ESG 55,15-Oct-25,Adequate
INSECTICIDES (INDIA) LIMITED,Pesticides & Agrochemicals,Crisil ESG 54,12-Aug-25,Adequate
INTELLECT DESIGN ARENA LIMITED,Computers - Software & Consulting,Crisil ESG 60,6-Aug-25,Adequate
INTERGLOBE AVIATION LIMITED,Airline,Crisil ESG 58,12-Dec-25,Adequate
INTERGLOBE AVIATION LIMITED,Airline,Crisil ESG 60,4-Sep-25,Adequate
INTERISE TRUST,"Road Assets–Toll, Annuity, Hybrid-Annuity",Crisil ESG 40,30-Jul-25,Weak
IOL CHEMICALS AND PHARMACEUTICALS LIMITED,Pharmaceuticals,Crisil ESG 61,9-Sep-25,Strong
ION EXCHANGE INDIA LIMITED,Water Supply & Management,Crisil ESG 54,23-Sep-25,Adequate
IPCA LABORATORIES LIMITED,Pharmaceuticals,Crisil ESG 53,19-Aug-25,Adequate
IRB INFRASTRUCTURE DEVELOPERS LIMITED,Civil Construction,Crisil ESG 56,30-Sep-25,Adequate
IRCON INTERNATIONAL LIMITED,Civil Construction,Crisil ESG 47,30-Sep-25,Below average
ISGEC HEAVY ENGINEERING LIMITED,Civil Construction,Crisil ESG 50,30-Sep-25,Below average
ITC LIMITED,Diversified FMCG,Crisil ESG 61,23-Jul-25,Strong
ITI LIMITED,Telecom - Equipment & Accessories,Crisil ESG 45,31-Oct-25,Below average
J B CHEMICALS AND PHARMACEUTICALS LIMITED,Pharmaceuticals,Crisil ESG 62,19-Aug-25,Strong
J. KUMAR INFRAPROJECTS LIMITED,Civil Construction,Crisil ESG 50,8-Oct-25,Below average
JAGRAN PRAKASHAN LIMITED,Print Media,Crisil ESG 55,1-Oct-25,Adequate
JAGSONPAL PHARMACEUTICALS LIMITED,Pharmaceuticals,Crisil ESG 53,14-Oct-25,Adequate
JAI CORP LIMITED,Plastic Products - Industrial,Crisil ESG 51,29-Dec-25,Adequate
JAI CORP LIMITED,Plastic Products - Industrial,Crisil ESG 53,6-Oct-25,Adequate
JAIN IRRIGATION SYSTEMS LIMITED,Plastic Products - Industrial,Crisil ESG 51,17-Oct-25,Adequate
JAIPRAKASH ASSOCIATES LIMITED,Civil Construction,Crisil ESG 25,17-Oct-25,Weak
JAIPRAKASH POWER VENTURES LIMITED,Power Generation,Crisil ESG 52,02-Jul-25,Adequate
JAIPRAKASH POWER VENTURES LIMITED,Power Generation,Crisil ESG 48,19-Nov-25,Below average
JAMNA AUTO INDUSTRIES LIMITED,Auto Components & Equipments,Crisil ESG 56,8-Oct-25,Adequate
JAMNAGAR UTILITIES AND POWER PRIVATE LIMITED,Power Generation,Crisil ESG 36,29-Sep-25,Weak
JAYASWAL NECO INDUSTRIES LIMITED,Iron & Steel Products,Crisil ESG 46,23-Sep-25,Below average
JBM AUTO LIMITED,Auto Components & Equipments,Crisil ESG 55,12-Sep-25,Adequate
JINDAL POLY FILMS LIMITED,Packaging,Crisil ESG 41,17-Oct-25,Below average
JINDAL SAW LIMITED,Iron & Steel Products,Crisil ESG 51,18-Jun-25,Adequate
JINDAL STAINLESS LIMITED,Iron & Steel,Crisil ESG 58,17-Sep-25,Adequate
JINDAL STEEL LIMITED,Iron & Steel,Crisil ESG 48,17-Sep-25,Below average
JINDAL WORLDWIDE LIMITED,Other Textile Products,Crisil ESG 48,1-Oct-25,Below average
JK CEMENT LIMITED,Cement & Cement Products,Crisil ESG 58,22-Jul-25,Adequate
JK LAKSHMI CEMENT LIMITED,Cement & Cement Products,Crisil ESG 58,8-Oct-25,Adequate
JK PAPER LIMITED,Paper & Paper Products,Crisil ESG 54,12-Sep-25,Adequate
JK TYRE AND INDUSTRIES LIMITED,Tyres & Rubber Products,Crisil ESG 61,02-Dec-25,Strong
JK TYRE AND INDUSTRIES LIMITED,Tyres & Rubber Products,Crisil ESG 56,22-Aug-25,Adequate
JM FINANCIAL ASSET RECONSTRUCTION COMPANY LIMITED,Other Capital Market related Services,Crisil ESG 45,1-Aug-25,Below average
JM FINANCIAL CREDIT SOLUTIONS LIMITED,Non Banking Financial Company (NBFC),Crisil ESG 52,22-Aug-25,Adequate
JM FINANCIAL LIMITED,Investment Company,Crisil ESG 52,26-Aug-25,Adequate
JM FINANCIAL PRODUCTS LIMITED,Non Banking Financial Company (NBFC),Crisil ESG 55,22-Aug-25,Adequate
JM FINANCIAL SERVICES LIMITED,Financial Products Distributor,Crisil ESG 41,1-Aug-25,Below average
JSW ENERGY LIMITED,Power Generation,Crisil ESG 62,29-Jul-25,Strong
JSW HOLDINGS LIMITED,Investment Company,Crisil ESG 52,18-Aug-25,Adequate
JSW STEEL LIMITED,Iron & Steel,Crisil ESG 54,12-Aug-25,Adequate
JTEKT INDIA LIMITED,Auto Components & Equipments,Crisil ESG 55,7-Aug-25,Adequate
JUBILANT FOODWORKS LIMITED,Restaurants,Crisil ESG 57,19-Aug-25,Adequate
JUBILANT INGREVIA LIMITED,Specialty Chemicals,Crisil ESG 55,3-Sep-25,Adequate
JUBILANT PHARMOVA LIMITED,Pharmaceuticals,Crisil ESG 63,11-Sep-25,Strong
JUST DIAL LIMITED,Internet & Catalogue Retail,Crisil ESG 57,19-Sep-25,Adequate
JYOTHY LABS LIMITED,Household Products,Crisil ESG 58,26-Sep-25,Adequate
JYOTI STRUCTURES LIMITED,Heavy Electrical Equipment,Crisil ESG 49,29-Sep-25,Below average
K. P. R. MILL LIMITED,Other Textile Products,Crisil ESG 47,23-Jul-25,Below average
KAJARIA CERAMICS LIMITED,Ceramics,Crisil ESG 54,15-Oct-25,Adequate
KALPATARU PROJECTS INTERNATIONAL LIMITED,Civil Construction,Crisil ESG 55,25-Jul-25,Adequate
KALYAN JEWELLERS INDIA LIMITED,"Gems, Jewellery And Watches",Crisil ESG 54,25-Sep-25,Adequate
KALYANI STEELS LIMITED,Iron & Steel Products,Crisil ESG 48,2-Sep-25,Below average
KAMA HOLDINGS LIMITED,Holding Company,Crisil ESG 52,29-Aug-25,Adequate
KANSAI NEROLAC PAINTS LIMITED,Paints,Crisil ESG 62,15-Jul-25,Strong
KAVERI SEED CO. LIMITED,Other Agricultural Products,Crisil ESG 56,8-Oct-25,Adequate
KAYNES TECHNOLOGY INDIA LIMITED,Industrial Products,Crisil ESG 54,26-Sep-25,Adequate
KEC INTERNATIONAL LIMITED,Civil Construction,Crisil ESG 57,8-Aug-25,Adequate
KEI INDUSTRIES LIMITED,Cables - Electricals,Crisil ESG 59,14-Aug-25,Adequate
KENNAMETAL INDIA LIMITED,Industrial Products,Crisil ESG 54,15-Oct-25,Adequate
KESORAM INDUSTRIES LIMITED,Cement & Cement Products,Crisil ESG 48 (Withdrawn),1-Aug-25,Below average
KEWAL KIRAN CLOTHING LIMITED,Garments & Apparels,Crisil ESG 54,8-Oct-25,Adequate
KFIN TECHNOLOGIES LIMITED,"Depositories, Clearing Houses and Other Intermediaries",Crisil ESG 63,15-Sep-25,Strong
KIOCL LIMITED,Sponge Iron,Crisil ESG 45,20-Oct-25,Below average
KIRI INDUSTRIES LIMITED,Dyes And Pigments,Crisil ESG 44,15-Oct-25,Below average
KIRLOSKAR BROTHERS LIMITED,"Compressors, Pumps & Diesel Engines",Crisil ESG 54,14-Aug-25,Adequate
KIRLOSKAR FERROUS INDUSTRIES LIMITED,Pig Iron,Crisil ESG 53,20-Aug-25,Adequate
KIRLOSKAR INDUSTRIES LIMITED,Other Industrial Products,Crisil ESG 55,26-Aug-25,Adequate
KIRLOSKAR OIL ENGINES LIMITED,"Compressors, Pumps & Diesel Engines",Crisil ESG 56,14-Aug-25,Adequate
KIRLOSKAR PNEUMATIC COMPANY LIMITED,"Compressors, Pumps & Diesel Engines",Crisil ESG 59,5-Aug-25,Adequate
KITEX GARMENTS LIMITED,Garments & Apparels,Crisil ESG 52,1-Oct-25,Adequate
KMC SPECIALITY HOSPITALS (INDIA) LIMITED,Hospital,Crisil ESG 58,13-Oct-25,Adequate
KNR CONSTRUCTIONS LIMITED,Civil Construction,Crisil ESG 52,13-Oct-25,Adequate
KOLTE-PATIL DEVELOPERS LIMITED,"Residential, Commercial Projects",Crisil ESG 45,9-Oct-25,Below average
KOPRAN LIMITED,Pharmaceuticals,Crisil ESG 54,25-Sep-25,Adequate
KOTAK MAHINDRA BANK LIMITED,Private Sector Bank,Crisil ESG 69,18-Aug-25,Strong
KOTAK MAHINDRA INVESTMENTS LIMITED,Non Banking Financial Company (NBFC),Crisil ESG 50,15-Jul-25,Below average
KOTAK MAHINDRA PRIME LIMITED,Non Banking Financial Company (NBFC),Crisil ESG 51,15-Jul-25,Adequate
KOTAK SECURITIES LIMITED,Stockbroking & Allied,Crisil ESG 41,1-Aug-25,Below average
KOVAI MEDICAL CENTER AND HOSPITAL LIMITED,Hospital,Crisil ESG 57,29-Aug-25,Adequate
KPIT TECHNOLOGIES LIMITED,Computers - Software & Consulting,Crisil ESG 64,6-Aug-25,Strong
KRBL LIMITED,Other Agricultural Products,Crisil ESG 51,8-Oct-25,Adequate
KRBL LIMITED,Other Agricultural Products,Crisil ESG 52,19-Sep-25,Adequate
KRISHNA INSTITUTE OF MEDICAL SCIENCES LIMITED,Hospital,Crisil ESG 57,16-Sep-25,Adequate
KRSNAA DIAGNOSTICS LIMITED,Healthcare Service Provider,Crisil ESG 57,10-Oct-25,Adequate
KSB LIMITED,"Compressors, Pumps & Diesel Engines",Crisil ESG 53,21-May-25,Adequate
L G BALAKRISHNAN AND BROS LIMITED,Auto Components & Equipments,Crisil ESG 56,14-Aug-25,Adequate
L&T FINANCE LIMITED,Non Banking Financial Company (NBFC),Crisil ESG 70,18-Jun-25,Strong
L&T TECHNOLOGY SERVICES LIMITED,IT Enabled Services,Crisil ESG 69,16-Jun-25,Strong
LA OPALA R G LIMITED,Glass - Consumer,Crisil ESG 56,1-Sep-25,Adequate
LANDMARK CARS LIMITED,Auto Dealer,Crisil ESG 48,9-Oct-25,Below average
LARSEN AND TOUBRO LIMITED,Civil Construction,Crisil ESG 62,24-Jun-25,Strong
LATENT VIEW ANALYTICS LIMITED,Computers - Software & Consulting,Crisil ESG 62,21-Jul-25,Strong
LAURUS LABS LIMITED,Pharmaceuticals,Crisil ESG 58,11-Jul-25,Adequate
LAXMI ORGANIC INDUSTRIES LIMITED,Specialty Chemicals,Crisil ESG 53,18-Aug-25,Adequate
LEMON TREE HOTELS LIMITED,Hotels & Resorts,Crisil ESG 57,13-Oct-25,Adequate
LIC HOUSING FINANCE LIMITED,Housing Finance Company,Crisil ESG 63,11-Sep-25,Strong
LIFE INSURANCE CORPORATION OF INDIA,Life Insurance,Crisil ESG 56,8-Sep-25,Adequate
LINDE INDIA LIMITED,Industrial Gases,Crisil ESG 51,29-Aug-25,Adequate
LLOYDS METALS AND ENERGY LIMITED,Industrial Minerals,Crisil ESG 49,18-Jun-25,Below average
LMW LIMITED,Industrial Products,Crisil ESG 58,8-Jul-25,Adequate
LODHA DEVELOPERS LIMITED,"Residential, Commercial Projects",Crisil ESG 62,28-Aug-25,Strong
LODHA DEVELOPERS LIMITED,"Residential, Commercial Projects",Crisil ESG 62,19-Aug-25,Strong
LT FOODS LIMITED,Other Agricultural Products,Crisil ESG 54,15-Oct-25,Adequate
LTM LIMITED,Computers - Software & Consulting,Crisil ESG 73,16-Jun-25,Leadership
LUMAX AUTO TECHNOLOGIES LIMITED,Auto Components & Equipments,Crisil ESG 57,5-Sep-25,Adequate
LUMAX INDUSTRIES LIMITED,Auto Components & Equipments,Crisil ESG 54,5-Sep-25,Adequate
LUPIN LIMITED,Pharmaceuticals,Crisil ESG 62,28-Aug-25,Strong
LUX INDUSTRIES LIMITED,Garments & Apparels,Crisil ESG 54,8-Oct-25,Adequate
MAHANAGAR GAS LIMITED,LPG/CNG/PNG/LNG Supplier,Crisil ESG 59,10-Sep-25,Adequate
MAHANAGAR TELEPHONE NIGAM LIMITED,Telecom - Cellular & Fixed line services,Crisil ESG 42,17-Oct-25,Below average
MAHARASHTRA SCOOTERS LIMITED,Investment Company,Crisil ESG 63,8-Aug-25,Strong
MAHARASHTRA SEAMLESS LIMITED,Iron & Steel Products,Crisil ESG 51,16-Sep-25,Adequate
MAHINDRA AND MAHINDRA FINANCIAL SERVICES LIMITED*,Non Banking Financial Company (NBFC),Crisil ESG 66,15-Jul-25,Strong
MAHINDRA AND MAHINDRA LIMITED,Passenger Cars & Utility Vehicles,Crisil ESG 66,7-Aug-25,Strong
MAHINDRA HOLIDAYS AND RESORTS INDIA LIMITED*,Hotels & Resorts,Crisil ESG 54,31-Jul-25,Adequate
MAHINDRA LIFESPACE DEVELOPERS LIMITED,"Residential, Commercial Projects",Crisil ESG 57,5-Aug-25,Adequate
MAHINDRA LOGISTICS LIMITED,Logistics Solution Provider,Crisil ESG 61,4-Aug-25,Strong
MAHINDRA RURAL HOUSING FINANCE LIMITED,Housing Finance Company,Crisil ESG 54,4-Jul-25,Adequate
MAITHAN ALLOYS LIMITED,Ferro & Silica Manganese,Crisil ESG 44,17-Oct-25,Below average
MAN INFRACONSTRUCTION LIMITED,Civil Construction,Crisil ESG 45,8-Aug-25,Below average
MANALI PETROCHEMICALS LIMITED,Petrochemicals,Crisil ESG 47,3-Oct-25,Below average
MANAPPURAM FINANCE LIMITED,Non Banking Financial Company (NBFC),Crisil ESG 63,29-Aug-25,Strong
MANGALAM CEMENT LIMITED,Cement & Cement Products,Crisil ESG 50,5-Sep-25,Below average
MANGALORE REFINERY AND PETROCHEMICALS LIMITED,Refineries & Marketing,Crisil ESG 50,5-Sep-25,Below average
MANGALORE REFINERY AND PETROCHEMICALS LIMITED,Refineries & Marketing,Crisil ESG 47,23-Jul-25,Below average
MANKIND PHARMA LIMITED,Pharmaceuticals,Crisil ESG 57,22-Aug-25,Adequate
MANORAMA INDUSTRIES LIMITED,Other Food Products,Crisil ESG 56,15-Sep-25,Adequate
MARICO LIMITED,Edible Oil,Crisil ESG 64,8-Aug-25,Strong
MARKSANS PHARMA LIMITED,Pharmaceuticals,Crisil ESG 50,25-Aug-25,Below average
MARUTI SUZUKI INDIA LIMITED,Passenger Cars & Utility Vehicles,Crisil ESG 63,12-Sep-25,Strong
MAS FINANCIAL SERVICES LIMITED,Non Banking Financial Company (NBFC),Crisil ESG 62,17-Sep-25,Strong
MASTEK LIMITED,Computers - Software & Consulting,Crisil ESG 64,8-Oct-25,Strong
MATRIMONY.COM LIMITED,Internet & Catalogue Retail,Crisil ESG 56,25-Aug-25,Adequate
MAX FINANCIAL SERVICES LIMITED,Life Insurance,Crisil ESG 62,3-Oct-25,Strong
MAX HEALTHCARE INSTITUTE LIMITED,Hospital,Crisil ESG 63,13-Aug-25,Strong
MAYUR UNIQUOTERS LIMITED,Leather And Leather Products,Crisil ESG 54,26-Sep-25,Adequate
MAZAGON DOCK SHIPBUILDERS LIMITED,Ship Building & Allied Services,Crisil ESG 53,7-Oct-25,Adequate
MEDPLUS HEALTH SERVICES LIMITED,Pharmacy Retail,Crisil ESG 55,30-Sep-25,Adequate
METRO BRANDS LIMITED,Footwear,Crisil ESG 61,3-Oct-25,Strong
METROPOLIS HEALTHCARE LIMITED,Healthcare Service Provider,Crisil ESG 57,29-Aug-25,Adequate
MINDA CORPORATION LIMITED,Auto Components & Equipments,Crisil ESG 56,5-Sep-25,Adequate
MINDSPACE BUSINESS PARKS REIT (MINDSPACE REIT),REIT,Crisil ESG 57,8-Jul-25,Adequate
MIRZA INTERNATIONAL LIMITED,Leather And Leather Products,Crisil ESG 54,23-Jul-25,Adequate
MISHRA DHATU NIGAM LIMITED,Aerospace & Defense,Crisil ESG 51,15-Oct-25,Adequate
MM FORGINGS LIMITED,Auto Components & Equipments,Crisil ESG 51,14-Aug-25,Adequate
MMTC LIMITED,Trading & Distributors,Crisil ESG 48,10-Oct-25,Below average
MOIL LIMITED,Industrial Minerals,Crisil ESG 47,20-Oct-25,Below average
MOLD-TEK PACKAGING LIMITED,Packaging,Crisil ESG 55,16-Oct-25,Adequate
MOREPEN LABORATORIES LIMITED,Pharmaceuticals,Crisil ESG 57,19-Sep-25,Adequate
MOSCHIP TECHNOLOGIES LIMITED,Computers - Hardware & Equipments,Crisil ESG 57,16-Oct-25,Adequate
MOTHERSON SUMI WIRING INDIA LIMITED,Auto Components & Equipments,Crisil ESG 60,12-Sep-25,Adequate
MOTILAL OSWAL FINANCIAL SERVICES LIMITED,Stockbroking & Allied,Crisil ESG 61,1-Aug-25,Strong
MOTILAL OSWAL HOME FINANCE LIMITED,Non Banking Financial Company (NBFC),Crisil ESG 53,4-Jul-25,Adequate
MPHASIS LIMITED,Computers - Software & Consulting,Crisil ESG 64,6-Aug-25,Strong
MPS LIMITED,E-Learning,Crisil ESG 58,5-Sep-25,Adequate
MRF LIMITED,Tyres & Rubber Products,Crisil ESG 55,22-Aug-25,Adequate
MRS.BECTORS FOOD SPECIALITIES LIMITED,Packaged Foods,Crisil ESG 56,1-Oct-25,Adequate
MSTC LIMITED,Trading & Distributors,Crisil ESG 51,10-Oct-25,Adequate
MTAR TECHNOLOGIES LIMITED,Aerospace & Defense,Crisil ESG 56,3-Oct-25,Adequate
MUKAND LIMITED,Iron & Steel,Crisil ESG 51,25-Aug-25,Adequate
MULTI COMMODITY EXCHANGE OF INDIA LIMITED,Exchange and Data Platform,Crisil ESG 63,29-Sep-25,Strong
MUSIC BROADCAST LIMITED,Media & Entertainment,Crisil ESG 57,30-Sep-25,Adequate
MUTHOOT FINANCE LIMITED,Non Banking Financial Company (NBFC),Crisil ESG 63,17-Sep-25,Strong
NACL INDUSTRIES LIMITED,Pesticides & Agrochemicals,Crisil ESG 51,1-Oct-25,Adequate
NAHAR SPINNING MILLS LIMITED,Other Textile Products,Crisil ESG 52,7-Oct-25,Adequate
NARAYANA HRUDAYALAYA LIMITED,Hospital,Crisil ESG 56,16-Sep-25,Adequate
NATCO PHARMA LIMITED,Pharmaceuticals,Crisil ESG 59,8-Oct-25,Adequate
NATIONAL ALUMINIUM COMPANY LIMITED,Aluminium,Crisil ESG 50,13-Oct-25,Below average
NATIONAL BANK FOR AGRICULTURE AND RURAL DEVELOPMENT,Financial Institutions,Crisil ESG 53,26-Aug-25,Adequate
NATIONAL FERTILIZERS LIMITED,Fertilizers,Crisil ESG 46,10-Oct-25,Below average
NATIONAL HIGHWAYS AUTHORITY OF INDIA,"Road Assets–Toll, Annuity, Hybrid-Annuity",Crisil ESG 33,20-Oct-25,Weak
NATIONAL HOUSING BANK,Financial Institutions,Crisil ESG 52,10-Dec-25,Adequate
NAVA LIMITED,Power Generation,Crisil ESG 44,29-Aug-25,Below average
NAVIN FLUORINE INTERNATIONAL LIMITED,Specialty Chemicals,Crisil ESG 56,18-Aug-25,Adequate
NAVNEET EDUCATION LIMITED,Printing & Publication,Crisil ESG 56,14-Oct-25,Adequate
NAZARA TECHNOLOGIES LIMITED,Digital Entertainment,Crisil ESG 47,16-Oct-25,Below average
NBCC (INDIA) LIMITED,Civil Construction,Crisil ESG 50,8-Oct-25,Below average
NCC LIMITED,Civil Construction,Crisil ESG 54,9-Sep-25,Adequate
NELCO LIMITED,Computers - Hardware & Equipments,Crisil ESG 57,3-Jul-25,Adequate
NEOGEN CHEMICALS LIMITED,Specialty Chemicals,Crisil ESG 52,13-Oct-25,Adequate
NESCO LIMITED,"Residential, Commercial Projects",Crisil ESG 56,14-Aug-25,Adequate
NESTLE INDIA LIMITED,Packaged Foods,Crisil ESG 62,20-Jun-25,Strong
NETWORK18 MEDIA AND INVESTMENTS LIMITED,Media & Entertainment,Crisil ESG 48,3-Jul-25,Below average
NEULAND LABORATORIES LIMITED,Pharmaceuticals,Crisil ESG 60,13-Aug-25,Adequate
NEWGEN SOFTWARE TECHNOLOGIES LIMITED,Computers - Software & Consulting,Crisil ESG 64,21-Jul-25,Strong
NHPC LIMITED,Power Generation,Crisil ESG 57,18-Sep-25,Adequate
NIIT LIMITED,Education,Crisil ESG 60,8-Oct-25,Adequate
NILKAMAL LIMITED,Plastic Products - Consumer,Crisil ESG 54,23-Jul-25,Adequate
NIPPON LIFE INDIA ASSET MANAGEMENT LIMITED,Asset Management Company,Crisil ESG 64,1-Aug-25,Strong
NIRLON LIMITED,"Residential, Commercial Projects",Crisil ESG 56,3-Oct-25,Adequate
NITIN SPINNERS LIMITED,Other Textile Products,Crisil ESG 54,16-Sep-25,Adequate
NLC INDIA LIMITED,Power Generation,Crisil ESG 49,17-Oct-25,Below average
NMDC LIMITED,Industrial Minerals,Crisil ESG 50,16-Sep-25,Below average
NOCIL LIMITED,Specialty Chemicals,Crisil ESG 55,12-Aug-25,Adequate
NOVARTIS INDIA LIMITED,Pharmaceuticals,Crisil ESG 55,30-Jul-25,Adequate
NRB BEARINGS LIMITED,Auto Components & Equipments,Crisil ESG 58,12-Sep-25,Adequate
NTPC LIMITED,Power Generation,Crisil ESG 55,19-Sep-25,Adequate
NUCLEAR POWER CORPORATION OF INDIA LIMITED,Power Generation,Crisil ESG 38,1-Oct-25,Weak
NURECA LIMITED,Medical Equipment & Supplies,Crisil ESG 52,27-Jun-25,Adequate
NUVOCO VISTAS CORPORATION LIMITED,Cement & Cement Products,Crisil ESG 56,22-Jul-25,Adequate
OBEROI REALTY LIMITED,"Residential, Commercial Projects",Crisil ESG 56,16-Jul-25,Adequate
OIL AND NATURAL GAS CORPORATION LIMITED,Oil Exploration & Production,Crisil ESG 46,17-Sep-25,Below average
OIL AND NATURAL GAS CORPORATION LIMITED,Oil Exploration & Production,Crisil ESG 43,20-Jun-25,Below average
OIL INDIA LIMITED,Oil Exploration & Production,Crisil ESG 52,7-Oct-25,Adequate
OMAXE LIMITED,"Residential, Commercial Projects",Crisil ESG 39,16-Oct-25,Weak
ONE 97 COMMUNICATIONS LIMITED,Financial Technology (Fintech),Crisil ESG 54,12-Sep-25,Adequate
ONGC PETRO ADDITIONS LIMITED,Petrochemicals,Crisil ESG 36,14-Oct-25,Weak
ONMOBILE GLOBAL LIMITED,Web based media and service,Crisil ESG 51,6-Oct-25,Adequate
OPG POWER GENERATION POWER PRIVATE LIMITED,Power Generation,Crisil ESG 40,20-Oct-25,Weak
ORACLE FINANCIAL SERVICES SOFTWARE LIMITED,Software Products,Crisil ESG 65,21-Jul-25,Strong
ORCHID PHARMA LIMITED,Pharmaceuticals,Crisil ESG 54,23-Sep-25,Adequate
ORIENT CEMENT LIMITED,Cement & Cement Products,Crisil ESG 55,20-Aug-25,Adequate
ORIENT ELECTRIC LIMITED,Household Appliances,Crisil ESG 58,25-Jul-25,Adequate
ORIENTAL AROMATICS LIMITED,Specialty Chemicals,Crisil ESG 51,3-Sep-25,Adequate
ORIENTAL HOTELS LIMITED,Hotels & Resorts,Crisil ESG 57,8-Aug-25,Adequate
PAGE INDUSTRIES LIMITED,Garments & Apparels,Crisil ESG 61,29-Jul-25,Strong
PAISALO DIGITAL LIMITED,Non Banking Financial Company (NBFC),Crisil ESG 61,14-Oct-25,Strong
PANACEA BIOTEC LIMITED,Pharmaceuticals,Crisil ESG 49,17-Oct-25,Below average
PANAMA PETROCHEM LIMITED,Lubricants,Crisil ESG 54,22-Sep-25,Adequate
PANATONE FINVEST LIMITED,Holding Company,Crisil ESG 46,8-May-25,Below average
PARAS DEFENCE AND SPACE TECHNOLOGIES LIMITED,Aerospace & Defense,Crisil ESG 55,8-Sep-25,Adequate
PATANJALI FOODS LIMITED,Edible Oil,Crisil ESG 53,14-Oct-25,Adequate
PATEL ENGINEERING LIMITED,Civil Construction,Crisil ESG 52,26-Sep-25,Adequate
PB FINTECH LIMITED,Financial Technology (Fintech),Crisil ESG 58,14-Oct-25,Adequate
PCBL CHEMICAL LIMITED,Carbon Black,Crisil ESG 55,17-Sep-25,Adequate
PDS LIMITED,Trading - Textile Products,Crisil ESG 56,8-Aug-25,Adequate
PERSISTENT SYSTEMS LIMITED,Computers - Software & Consulting,Crisil ESG 74,21-Jul-25,Leadership
PETRONET LNG LIMITED,LPG/CNG/PNG/LNG Supplier,Crisil ESG 58,8-Oct-25,Adequate
PFIZER LIMITED,Pharmaceuticals,Crisil ESG 61,30-Jul-25,Strong
PG ELECTROPLAST LIMITED,Consumer Electronics,Crisil ESG 52,10-Oct-25,Adequate
PI INDUSTRIES LIMITED,Pesticides & Agrochemicals,Crisil ESG 59,28-Aug-25,Adequate
PIDILITE INDUSTRIES LIMITED,Specialty Chemicals,Crisil ESG 54,18-Aug-25,Adequate
PILANI INVESTMENT AND INDUSTRIES CORPORATION LIMITED,Holding Company,Crisil ESG 57,16-Jul-25,Adequate
PIRAMAL ENTERPRISES LIMITED,Non Banking Financial Company (NBFC),Crisil ESG 63,15-Jul-25,Strong
PIRAMAL FINANCE LIMITED,Housing Finance Company,Crisil ESG 53,11-Aug-25,Adequate
PITTI ENGINEERING LIMITED,Industrial Products,Crisil ESG 54,14-Oct-25,Adequate
PNB HOUSING FINANCE LIMITED,Housing Finance Company,Crisil ESG 60,5-Sep-25,Adequate
PNC INFRATECH LIMITED,Civil Construction,Crisil ESG 48,16-Oct-25,Below average
POKARNA LIMITED,Granites & Marbles,Crisil ESG 41,19-Sep-25,Below Average
POLY MEDICURE LIMITED,Medical Equipment & Supplies,Crisil ESG 51,13-Oct-25,Adequate
POLYCAB INDIA LIMITED,Cables - Electricals,Crisil ESG 56,8-Jul-25,Adequate
POLYPLEX CORPORATION LIMITED,Packaging,Crisil ESG 45,1-Oct-25,Below average
POONAWALLA FINCORP LIMITED,Non Banking Financial Company (NBFC),Crisil ESG 62,14-Aug-25,Strong
POWER FINANCE CORPORATION LIMITED,Financial Institutions,Crisil ESG 62,15-Sep-25,Strong
POWER GRID CORPORATION OF INDIA LIMITED,Power - Transmission,Crisil ESG 58,12-Sep-25,Adequate
POWER MECH PROJECTS LIMITED,Civil Construction,Crisil ESG 47,8-Oct-25,Below average
POWERGRID INFRASTRUCTURE INVESTMENT TRUST,Power - Transmission,Crisil ESG 37,8-Aug-25,Weak
PRAJ INDUSTRIES LIMITED,Industrial Products,Crisil ESG 58,22-Aug-25,Adequate
PRATAAP SNACKS LIMITED,Packaged Foods,Crisil ESG 55,8-Aug-25,Adequate
PRESTIGE ESTATES PROJECTS LIMITED,"Residential, Commercial Projects",Crisil ESG 54,26-Sep-25,Adequate
PRIME FOCUS LIMITED,Media & Entertainment,Crisil ESG 43,15-Oct-25,Below average
PRIMO CHEMICALS LIMITED,Commodity Chemicals,Crisil ESG 48,17-Oct-25,Below average
PRINCE PIPES AND FITTINGS LIMITED,Plastic Products - Industrial,Crisil ESG 55,23-Sep-25,Adequate
PRISM JOHNSON LIMITED,Cement & Cement Products,Crisil ESG 54,22-Aug-25,Adequate
PRIVI SPECIALITY CHEMICALS LIMITED,Specialty Chemicals,Crisil ESG 55,12-Aug-25,Adequate
PROCTER & GAMBLE HEALTH LIMITED,Pharmaceuticals,Crisil ESG 59,11-Sep-25,Adequate
PROCTER AND GAMBLE HYGIENE AND HEALTH CARE LIMITED,Personal Care,Crisil ESG 59,22-Sep-25,Adequate
PSP PROJECTS LIMITED,Civil Construction,Crisil ESG 54,15-Oct-25,Adequate
PTC INDIA FINANCIAL SERVICES LIMITED,Non Banking Financial Company (NBFC),Crisil ESG 55,21-Aug-25,Adequate
PTC INDIA FINANCIAL SERVICES LIMITED,Non Banking Financial Company (NBFC),Crisil ESG 52,6-Oct-25,Adequate
PTC INDIA LIMITED,Power Trading,Crisil ESG 50,18-Aug-25,Below average
PUNJAB AND SIND BANK,Public Sector Bank,Crisil ESG 58,20-Aug-25,Adequate
PUNJAB CHEMICALS AND CROP PROTECTION LIMITED,Pesticides & Agrochemicals,Crisil ESG 49,14-Aug-25,Below average
PUNJAB NATIONAL BANK,Public Sector Bank,Crisil ESG 62,2-Jul-25,Strong
PURAVANKARA LIMITED,"Residential, Commercial Projects",Crisil ESG 44,16-Oct-25,Below average
PVR INOX LIMITED,"Film Production, Distribution & Exhibition",Crisil ESG 52,23-Sep-25,Adequate
QUESS CORP LIMITED,Diversified Commercial Services,Crisil ESG 59,12-Sep-25,Adequate
R SYSTEMS INTERNATIONAL LIMITED,IT Enabled Services,Crisil ESG 54,23-May-25,Adequate
RADIANT CASH MANAGEMENT SERVICES LIMITED,Diversified Commercial Services,Crisil ESG 50,26-Sep-25,Below average
RADICO KHAITAN LIMITED,Breweries & Distilleries,Crisil ESG 51,8-Aug-25,Adequate
RAIL VIKAS NIGAM LIMITED,Civil Construction,Crisil ESG 47,16-Sep-25,Below average
RAILTEL CORPORATION OF INDIA LIMITED,Other Telecom Services,Crisil ESG 53,1-Sep-25,Adequate
RAIN INDUSTRIES LIMITED,Petrochemicals,Crisil ESG 56,20-May-25,Adequate
RAINBOW CHILDRENS MEDICARE LIMITED,Hospital,Crisil ESG 59,23-Jul-25,Adequate
RAJESH EXPORTS LIMITED,"Gems, Jewellery And Watches",Crisil ESG 38,2-Feb-26,Weak
RAJRATAN GLOBAL WIRE LIMITED,Auto Components & Equipments,Crisil ESG 55,25-Aug-25,Adequate
RALLIS INDIA LIMITED,Pesticides & Agrochemicals,Crisil ESG 57,20-Jun-25,Adequate
RAMCO INDUSTRIES LIMITED,Other Construction Materials,Crisil ESG 55,29-Aug-25,Adequate
RAMCO SYSTEMS LIMITED,Software Products,Crisil ESG 56,26-Aug-25,Adequate
RAMKRISHNA FORGINGS LIMITED,Auto Components & Equipments,Crisil ESG 52,3-Oct-25,Adequate
RAMKY INFRASTRUCTURE LIMITED,Civil Construction,Crisil ESG 47,13-Oct-25,Below average
RANE HOLDINGS LIMITED,Holding Company,Crisil ESG 43,26-Aug-25,Below average
RASHTRIYA CHEMICALS AND FERTILIZERS LIMITED,Fertilizers,Crisil ESG 49,7-Nov-25,Below average
RATEGAIN TRAVEL TECHNOLOGIES LIMITED,Computers - Software & Consulting,Crisil ESG 60,13-Oct-25,Adequate
RATNAMANI METALS AND TUBES LIMITED,Iron & Steel Products,Crisil ESG 55,19-Sep-25,Adequate
RATTANINDIA ENTERPRISES LIMITED,E-Retail/ E-Commerce,Crisil ESG 48,16-Oct-25,Below average
RATTANINDIA POWER LIMITED,Power Generation,Crisil ESG 48,16-Oct-25,Below average
RAYMOND LIMITED,"Residential, Commercial Projects",Crisil ESG 52,22-Aug-25,Adequate
RBL BANK LIMITED,Private Sector Bank,Crisil ESG 64,24-Sep-25,Strong
REC LIMITED,Financial Institutions,Crisil ESG 64,10-Sep-25,Strong
REDINGTON LIMITED,Trading & Distributors,Crisil ESG 59,11-Aug-25,Adequate
RELAXO FOOTWEARS LIMITED,Footwear,Crisil ESG 53,12-Sep-25,Adequate
RELIANCE INDUSTRIAL INFRASTRUCTURE LIMITED,Logistics Solution Provider,Crisil ESG 53,24-Jun-25,Adequate
RELIANCE INDUSTRIES LIMITED,Refineries & Marketing,Crisil ESG 55,17-Sep-25,Adequate
RELIANCE INFRASTRUCTURE LIMITED,Integrated Power Utilities,Crisil ESG 53,26-Aug-25,Adequate
RELIANCE INFRASTRUCTURE LIMITED,Integrated Power Utilities,Crisil ESG 51,15-Dec-25,Adequate
RELIANCE INFRASTRUCTURE LIMITED,Integrated Power Utilities,Crisil ESG 47,3-Feb-26,Below average
RELIANCE JIO INFOCOMM LIMITED,Telecom - Cellular & Fixed line services,Crisil ESG 47,16-Sep-25,Below average
RELIANCE POWER LIMITED,Power Generation,Crisil ESG 46,11-Aug-25,Below average
RELIANCE POWER LIMITED,Power Generation,Crisil ESG 45,16-Oct-25,Below average
RELIANCE POWER LIMITED,Power Generation,Crisil ESG 44,15-Dec-25,Below average
RELIANCE RETAIL VENTURES LIMITED,Diversified Retail,Crisil ESG 39,16-Sep-25,Weak
RELIGARE ENTERPRISES LIMITED,Investment Company,Crisil ESG 45,16-Oct-25,Below average
RENAISSANCE GLOBAL LIMITED,"Gems, Jewellery And Watches",Crisil ESG 57,6-Oct-25,Adequate
REPCO HOME FINANCE LIMITED,Housing Finance Company,Crisil ESG 60,5-Sep-25,Adequate
RESPONSIVE INDUSTRIES LIMITED,"Furniture, Home Furnishing",Crisil ESG 47,3-Oct-25,Below average
RESTAURANT BRANDS ASIA LIMITED,Restaurants,Crisil ESG 50,19-Aug-25,Below average
RHI MAGNESITA INDIA LIMITED,Electrodes & Refractories,Crisil ESG 52,10-Oct-25,Adequate
RITES LIMITED,Civil Construction,Crisil ESG 54,8-Oct-25,Adequate
ROLEX RINGS LIMITED,Auto Components & Equipments,Crisil ESG 53,15-Oct-25,Adequate
ROSSARI BIOTECH LIMITED,Specialty Chemicals,Crisil ESG 49,20-Jun-25,Below average
ROUTE MOBILE LIMITED,Other Telecom Services,Crisil ESG 54,26-Sep-25,Adequate
RPSG VENTURES LIMITED,Business Process Outsourcing (BPO)/ Knowledge Process Outsourcing (KPO),Crisil ESG 66,23-Sep-25,Strong
RUPA & COMPANY LIMITED,Garments & Apparels,Crisil ESG 52,16-Sep-25,Adequate
S H KELKAR AND COMPANY LIMITED,Specialty Chemicals,Crisil ESG 49,26-Aug-25,Below average
S. P. APPARELS LIMITED,Garments & Apparels,Crisil ESG 50,17-Sep-25,Below Average
S.J.S. ENTERPRISES LIMITED,Auto Components & Equipments,Crisil ESG 54,28-Jul-25,Adequate
SAFARI INDUSTRIES (INDIA) LIMITED,Plastic Products - Consumer,Crisil ESG 57,7-Aug-25,Adequate
SAGAR CEMENTS LIMITED,Cement & Cement Products,Crisil ESG 53,16-Jul-25,Adequate
SAMMAAN CAPITAL LIMITED,Housing Finance Company,Crisil ESG 63,16-Oct-25,Strong
SAMMAAN FINSERVE LIMITED,Non Banking Financial Company (NBFC),Crisil ESG 51,16-Oct-25,Adequate
SAMVARDHANA MOTHERSON INTERNATIONAL LIMITED,Auto Components & Equipments,Crisil ESG 60,12-Sep-25,Adequate
SANDHAR TECHNOLOGIES LIMITED,Auto Components & Equipments,Crisil ESG 55,3-Oct-25,Adequate
SANGAM (INDIA) LIMITED,Other Textile Products,Crisil ESG 52,1-Oct-25,Adequate
SANOFI INDIA LIMITED,Pharmaceuticals,Crisil ESG 62,20-May-25,Strong
SANSERA ENGINEERING LIMITED,Auto Components & Equipments,Crisil ESG 57,14-Oct-25,Adequate
SAPPHIRE FOODS INDIA LIMITED,Restaurants,Crisil ESG 57,19-Aug-25,Adequate
SARDA ENERGY AND MINERALS LIMITED,Iron & Steel,Crisil ESG 45,13-Oct-25,Below average
SAREGAMA INDIA LIMITED,Media & Entertainment,Crisil ESG 59,23-Sep-25,Adequate
SASKEN TECHNOLOGIES LIMITED,IT Enabled Services,Crisil ESG 62,26-Aug-25,Strong
SATIN CREDITCARE NETWORK LIMITED,Microfinance Institutions,Crisil ESG 63,19-Aug-25,Strong
SAVITA OIL TECHNOLOGIES LTD,Lubricants,Crisil ESG 55,9-Oct-25,Adequate
SBI CARDS AND PAYMENT SERVICES LIMITED,Non Banking Financial Company (NBFC),Crisil ESG 65,9-Sep-25,Strong
SBI LIFE INSURANCE COMPANY LIMITED,Life Insurance,Crisil ESG 60,12-Sep-25,Adequate
SCHAEFFLER INDIA LIMITED,Auto Components & Equipments,Crisil ESG 63,16-May-25,Strong
SCHNEIDER ELECTRIC INFRASTRUCTURE LIMITED,Heavy Electrical Equipment,Crisil ESG 63,19-Sep-25,Strong
SEAMEC LIMITED,Shipping,Crisil ESG 53,26-Aug-25,Adequate
SESHASAYEE PAPER AND BOARDS LIMITED,Paper & Paper Products,Crisil ESG 51,25-Jun-25,Adequate
SHAILY ENGINEERING PLASTICS LIMITED,Plastic Products - Industrial,Crisil ESG 56,13-Oct-25,Adequate
SHALBY LIMITED,Hospital,Crisil ESG 55,14-Oct-25,Adequate
SHANKARA BUILDING PRODUCTS LIMITED,Speciality Retail,Crisil ESG 52,25-Jun-25,Adequate
SHANTHI GEARS LIMITED,Industrial Products,Crisil ESG 55,5-Aug-25,Adequate
SHARDA CROPCHEM LIMITED,Pesticides & Agrochemicals,Crisil ESG 45,12-Aug-25,Below average
SHARDA MOTOR INDUSTRIES LIMITED,Auto Components & Equipments,Crisil ESG 61,1-Oct-25,Strong
SHEELA FOAM LIMITED,"Furniture, Home Furnishing",Crisil ESG 58,23-Jul-25,Adequate
SHILPA MEDICARE LIMITED,Pharmaceuticals,Crisil ESG 51,23-Sep-25,Adequate
SHIPPING CORPORATION OF INDIA LIMITED,Shipping,Crisil ESG 49,30-Sep-25,Below average
SHOPPERS STOP LIMITED,Diversified Retail,Crisil ESG 58,31-Jul-25,Adequate
SHREE CEMENT LIMITED,Cement & Cement Products,Crisil ESG 57,20-Aug-25,Adequate
SHREE RENUKA SUGARS LIMITED,Sugar,Crisil ESG 52,10-Oct-25,Adequate
SHRIRAM FINANCE LIMITED,Non Banking Financial Company (NBFC),Crisil ESG 65,15-Jul-25,Strong
SHRIRAM PROPERTIES LIMITED,"Residential, Commercial Projects",Crisil ESG 47,13-Oct-25,Below average
SHYAM METALICS AND ENERGY LIMITED,Iron & Steel Products,Crisil ESG 50,12-Sep-25,Below average
SIEMENS LIMITED,Heavy Electrical Equipment,Crisil ESG 61,10-Feb-26,Strong
SIKKA PORTS & TERMINALS LIMITED,Port & Port services,Crisil ESG 37,16-Oct-25,Weak
SIS LIMITED,Other Consumer Services,Crisil ESG 55,7-Jul-25,Adequate
SIYARAM SILK MILLS LIMITED,Other Textile Products,Crisil ESG 51,11-Aug-25,Adequate
SJVN LIMITED,Power Generation,Crisil ESG 56,14-Oct-25,Adequate
SKF INDIA LIMITED,Abrasives & Bearings,Crisil ESG 60,7-Aug-25,Adequate
SMALL INDUSTRIES DEVELOPMENT BANK OF INDIA,Financial Institutions,Crisil ESG 55,11-Nov-25,Adequate
SMFG INDIA CREDIT COMPANY LIMITED*,Non Banking Financial Company (NBFC),Crisil ESG 54,21-Aug-25,Adequate
SOBHA LIMITED,"Residential, Commercial Projects",Crisil ESG 51,11-Aug-25,Adequate
SOLAR INDUSTRIES INDIA LIMITED,Explosives,Crisil ESG 48,12-Sep-25,Below average
SOLAR INDUSTRIES INDIA LIMITED,Explosives,Crisil ESG 49,6-Aug-25,Below average
SOLARA ACTIVE PHARMA SCIENCES LIMITED,Pharmaceuticals,Crisil ESG 56,10-Oct-25,Adequate
SOMANY CERAMICS LIMITED,Ceramics,Crisil ESG 54,3-Oct-25,Adequate
SONA BLW PRECISION FORGINGS LIMITED,Auto Components & Equipments,Crisil ESG 62,28-Jul-25,Strong
SONATA SOFTWARE LIMITED,Computers - Software & Consulting,Crisil ESG 65,6-Aug-25,Strong
SPANDANA SPHOORTY FINANCIAL LIMITED,Microfinance Institutions,Crisil ESG 58,1-Oct-25,Adequate
SPICEJET LIMITED,Airline,Crisil ESG 42,15-Oct-25,Below average
SRF LIMITED,Commodity Chemicals,Crisil ESG 50,16-Jul-25,Below average
STAR CEMENT LIMITED,Cement & Cement Products,Crisil ESG 51,8-Oct-25,Adequate
STAR HEALTH AND ALLIED INSURANCE COMPANY LIMITED,General Insurance,Crisil ESG 58,6-Oct-25,Adequate
STATE BANK OF INDIA,Public Sector Bank,Crisil ESG 68,30-Jun-25,Strong
STEEL AUTHORITY OF INDIA LIMITED,Iron & Steel,Crisil ESG 47,3-Oct-25,Below average
STEEL STRIPS WHEELS LIMITED,Auto Components & Equipments,Crisil ESG 56,15-Oct-25,Adequate
STERLING AND WILSON RENEWABLE ENERGY LIMITED,Civil Construction,Crisil ESG 52,5-Sep-25,Adequate
STERLITE TECHNOLOGIES LIMITED,Telecom - Equipment & Accessories,Crisil ESG 54,1-Sep-25,Adequate
STOVE KRAFT LIMITED,Household Appliances,Crisil ESG 59,14-Oct-25,Adequate
STRIDES PHARMA SCIENCE LIMITED,Pharmaceuticals,Crisil ESG 54,19-Aug-25,Adequate
STYLAM INDUSTRIES LIMITED,Plywood Boards/ Laminates,Crisil ESG 51,14-Oct-25,Adequate
STYRENIX PERFORMANCE MATERIALS LIMITED,Specialty Chemicals,Crisil ESG 51,16-Sep-25,Adequate
SUBEX LIMITED,Software Products,Crisil ESG 53,10-Oct-25,Adequate
SUBROS LIMITED,Auto Components & Equipments,Crisil ESG 54,1-Oct-25,Adequate
SUDARSHAN CHEMICAL INDUSTRIES LIMITED,Dyes And Pigments,Crisil ESG 53,15-Oct-25,Adequate
SUMITOMO CHEMICAL INDIA LIMITED,Pesticides & Agrochemicals,Crisil ESG 53,13-Aug-25,Adequate
SUN PHARMA ADVANCED RESEARCH CO. LIMITED,Pharmaceuticals,Crisil ESG 56,26-Aug-25,Adequate
SUN PHARMACEUTICAL INDUSTRIES LIMITED,Pharmaceuticals,Crisil ESG 55,13-Aug-25,Adequate
SUN TV NETWORK LIMITED,TV Broadcasting & Software Production,Crisil ESG 59,6-Oct-25,Adequate
SUNDARAM FINANCE LIMITED,Non Banking Financial Company (NBFC),Crisil ESG 61,15-Jul-25,Strong
SUNDARAM HOME FINANCE LIMITED,Housing Finance Company,Crisil ESG 53,4-Jul-25,Adequate
SUNDRAM FASTENERS LIMITED,Auto Components & Equipments,Crisil ESG 56,25-Jun-25,Adequate
SUNDROP BRANDS LIMITED,Edible Oil,Crisil ESG 51,12-Sep-25,Adequate
SUNFLAG IRON AND STEEL CO.LIMITED,Iron & Steel Products,Crisil ESG 48,13-Oct-25,Below average
SUNTECK REALTY LIMITED,"Residential, Commercial Projects",Crisil ESG 56,20-Oct-25,Adequate
SUPRAJIT ENGINEERING LIMITED,Auto Components & Equipments,Crisil ESG 51,1-Oct-25,Adequate
SUPREME PETROCHEM LIMITED,Petrochemicals,Crisil ESG 56,30-Jun-25,Adequate
SUPRIYA LIFESCIENCE LIMITED,Pharmaceuticals,Crisil ESG 58,10-Oct-25,Adequate
SURYA ROSHNI LIMITED,Iron & Steel Products,Crisil ESG 58,26-Sep-25,Adequate
SURYODAY SMALL FINANCE BANK LIMITED,Other Bank,Crisil ESG 63,11-Sep-25,Strong
SUVEN LIFE SCIENCES LIMITED,"Healthcare Research, Analytics & Technology",Crisil ESG 53,8-Sep-25,Adequate
SUZLON ENERGY LIMITED,Heavy Electrical Equipment,Crisil ESG 60,3-Dec-25,Adequate
SUZLON ENERGY LIMITED,Heavy Electrical Equipment,Crisil ESG 59,8-Oct-25,Adequate
SWAN CORP LIMITED,Diversified,Crisil ESG 41,16-Oct-25,Below average
SWARAJ ENGINES LIMITED,"Compressors, Pumps & Diesel Engines",Crisil ESG 55,11-Jul-25,Adequate
SYMPHONY LIMITED,Household Appliances,Crisil ESG 58,7-Aug-25,Adequate
SYNGENE INTERNATIONAL LIMITED,"Healthcare Research, Analytics & Technology",Crisil ESG 65,30-Jul-25,Strong
SYRMA SGS TECHNOLOGY LIMITED,Industrial Products,Crisil ESG 56,13-Oct-25,Adequate
T.V. TODAY NETWORK LIMITED,TV Broadcasting & Software Production,Crisil ESG 56,15-Sep-25,Adequate
TAJ G V K HOTELS AND RESORTS LIMITED,Hotels & Resorts,Crisil ESG 52,26-Sep-25,Adequate
TAMIL NADU NEWSPRINT AND PAPERS LIMITED,Paper & Paper Products,Crisil ESG 52,26-Sep-25,Adequate
TANLA PLATFORMS LIMITED,Software Products,Crisil ESG 64,8-Aug-25,Strong
TARSONS PRODUCTS LIMITED,Medical Equipment & Supplies,Crisil ESG 53,10-Oct-25,Adequate
TATA CAPITAL HOUSING FINANCE LIMITED,Non Banking Financial Company (NBFC),Crisil ESG 55,14-Jul-25,Adequate
TATA CAPITAL LIMITED,Holding Company,Crisil ESG 57,14-Jul-25,Adequate
TATA CHEMICALS LIMITED,Commodity Chemicals,Crisil ESG 55,14-Jul-25,Adequate
TATA COMMUNICATIONS LIMITED,Telecom - Cellular & Fixed line services,Crisil ESG 61,15-Jul-25,Strong
TATA CONSULTANCY SERVICES LIMITED,Computers - Software & Consulting,Crisil ESG 73,27-Jun-25,Leadership
TATA CONSUMER PRODUCTS LIMITED,Tea & Coffee,Crisil ESG 61,12-Jun-25,Strong
TATA ELXSI LIMITED,Computers - Software & Consulting,Crisil ESG 66,27-Jun-25,Strong
TATA HOUSING DEVELOPMENT COMPANY LIMITED,"Residential, Commercial Projects",Crisil ESG 37,17-Sep-25,Weak
TATA INVESTMENT CORPORATION LIMITED,Investment Company,Crisil ESG 59,15-Jul-25,Adequate
TATA MOTORS FINANCE LIMITED,Non-Banking Financial Company,Crisil ESG 52 (Withdrawn),22-Dec-25,Adequate
TATA MOTORS PASSENGER VEHICLES LIMITED,Passenger Cars & Utility Vehicles,Crisil ESG 64,3-Oct-25,Strong
TATA MOTORS PASSENGER VEHICLES LIMITED,Passenger Cars & Utility Vehicles,Crisil ESG 64,26-Jun-25,Strong
TATA POWER RENEWABLE ENERGY LIMITED,Power Generation,Crisil ESG 53,5-Sep-25,Adequate
TATA PROJECTS LIMITED,Civil Construction,Crisil ESG 56,13-Oct-25,Adequate
TATA REALTY AND INFRASTRUCTURE LIMITED,"Residential, Commercial Projects",Crisil ESG 45,18-Jul-25,Below average
TATA STEEL LIMITED,Iron & Steel,Crisil ESG 55,14-Jul-25,Adequate
TATA TELESERVICES (MAHARASHTRA) LIMITED,Telecom - Cellular & Fixed line services,Crisil ESG 57,13-Jun-25,Adequate
TATA TELESERVICES LIMITED,Telecom - Cellular & Fixed line services,Crisil ESG 41,13-Jun-25,Below average
TATVA CHINTAN PHARMA CHEM LIMITED,Specialty Chemicals,Crisil ESG 51,3-Oct-25,Adequate
TCI EXPRESS LIMITED,Logistics Solution Provider,Crisil ESG 57,7-Aug-25,Adequate
TD POWER SYSTEMS LIMITED,Heavy Electrical Equipment,Crisil ESG 58,7-Aug-25,Adequate
TEAMLEASE SERVICES LIMITED,Diversified Commercial Services,Crisil ESG 59,3-Oct-25,Adequate
TECH MAHINDRA LIMITED,Computers - Software & Consulting,Crisil ESG 75,21-Jul-25,Leadership
TECHNO ELECTRIC AND ENGINEERING COMPANY LIMITED,Civil Construction,Crisil ESG 47,8-Oct-25,Below average
TECHNOCRAFT INDUSTRIES INDIA LIMITED,Iron & Steel Products,Crisil ESG 51,16-Oct-25,Adequate
TEGA INDUSTRIES LIMITED,Industrial Products,Crisil ESG 50,3-Oct-25,Below average
TEJAS NETWORKS LIMITED,Telecom - Equipment & Accessories,Crisil ESG 54,11-Jul-25,Adequate
TEXMACO RAIL & ENGINEERING LIMITED,Industrial Products,Crisil ESG 51,6-Oct-25,Adequate
THANGAMAYIL JEWELLERY LIMITED,"Gems, Jewellery And Watches",Crisil ESG 54,25-Jul-25,Adequate
THE ANDHRA SUGARS LIMITED,Commodity Chemicals,Crisil ESG 43,16-Oct-25,Below average
THE ANUP ENGINEERING LIMITED,Industrial Products,Crisil ESG 55,5-Sep-25,Adequate
THE FEDERAL BANK LIMITED,Private Sector Bank,Crisil ESG 68,16-Sep-25,Strong
THE GREAT EASTERN SHIPPING COMPANY LIMITED,Shipping,Crisil ESG 52,13-Aug-25,Adequate
THE INDIA CEMENTS LIMITED,Cement & Cement Products,Crisil ESG 49,26-Aug-25,Below average
THE INDIAN HOTELS COMPANY LIMITED,Hotels & Resorts,Crisil ESG 60,15-Jul-25,Adequate
THE INDIAN HUME PIPE COMPANY LIMITED,Civil Construction,Crisil ESG 47,14-Aug-25,Below average
THE JAMMU AND KASHMIR BANK LIMITED,Private Sector Bank,Crisil ESG 64,10-Sep-25,Strong
THE KARNATAKA BANK LIMITED,Private Sector Bank,Crisil ESG 65,24-Sep-25,Strong
THE KARUR VYSYA BANK LIMITED,Private Sector Bank,Crisil ESG 68,8-Sep-25,Strong
THE KCP LIMITED,Cement & Cement Products,Crisil ESG 46,26-Aug-25,Below average
THE NEW INDIA ASSURANCE COMPANY LIMITED,General Insurance,Crisil ESG 53,10-Oct-25,Adequate
THE ORISSA MINERALS DEVELOPMENT COMPANY LIMITED,Industrial Minerals,Crisil ESG 37,11-Nov-25,Weak
THE PHOENIX MILLS LIMITED,"Residential, Commercial Projects",Crisil ESG 43,20-Oct-25,Below average
THE RAMCO CEMENTS LIMITED,Cement & Cement Products,Crisil ESG 54,22-Aug-25,Adequate
THE SANDUR MANGANESE AND IRON ORES LIMITED,Coal,Crisil ESG 51,3-Oct-25,Adequate
THE SOUTH INDIAN BANK LIMITED,Private Sector Bank,Crisil ESG 64,5-Sep-25,Strong
THE SUPREME INDUSTRIES LIMITED,Plastic Products - Industrial,Crisil ESG 55,17-Jun-25,Adequate
THE TATA POWER COMPANY LIMITED,Integrated Power Utilities,Crisil ESG 61,15-Jul-25,Strong
THEMIS MEDICARE LIMITED,Pharmaceuticals,Crisil ESG 53,23-Sep-25,Adequate
THERMAX LIMITED,Heavy Electrical Equipment,Crisil ESG 58,7-Aug-25,Adequate
THIRUMALAI CHEMICALS LIMITED,Commodity Chemicals,Crisil ESG 53,5-Aug-25,Adequate
THOMAS COOK INDIA LIMITED,"Tour, Travel Related Services",Crisil ESG 53,19-Sep-25,Adequate
THYROCARE TECHNOLOGIES LIMITED,Healthcare Service Provider,Crisil ESG 56,14-Aug-25,Adequate
TIME TECHNOPLAST LIMITED,Plastic Products - Industrial,Crisil ESG 48,26-Sep-25,Below average
TIMKEN INDIA LIMITED,Abrasives & Bearings,Crisil ESG 55,29-Aug-25,Adequate
TIPS MUSIC LIMITED,Media & Entertainment,Crisil ESG 54,11-Aug-25,Adequate
TITAGARH RAIL SYSTEMS LIMITED,Railway Wagons,Crisil ESG 56,3-Oct-25,Adequate
TITAN COMPANY LIMITED,"Gems, Jewellery And Watches",Crisil ESG 63,14-Jul-25,Strong
TMF HOLDINGS LIMITED,Holding Company,Crisil ESG 54,1-Oct-25,Adequate
TORRENT PHARMACEUTICALS LIMITED,Pharmaceuticals,Crisil ESG 61,13-Aug-25,Strong
TORRENT POWER LIMITED,Integrated Power Utilities,Crisil ESG 58,20-Aug-25,Adequate
TRANSPORT CORPORATION OF INDIA LIMITED,Logistics Solution Provider,Crisil ESG 55,6-Aug-25,Adequate
TRENT LIMITED,Speciality Retail,Crisil ESG 61,14-Jul-25,Strong
TRIDENT LIMITED,Other Textile Products,Crisil ESG 54,18-Aug-25,Adequate
TRIVENI ENGINEERING AND INDUSTRIES LIMITED,Sugar,Crisil ESG 56,23-Sep-25,Adequate
TRIVENI TURBINE LIMITED,Heavy Electrical Equipment,Crisil ESG 60,22-Sep-25,Adequate
TRUCAP FINANCE LIMITED,Non Banking Financial Company (NBFC),Crisil ESG 55(Withdrawn),22-Dec-25,Adequate
TRUCAP FINANCE LIMITED,Non Banking Financial Company (NBFC),Crisil ESG 55,10-Oct-25,Adequate
TTK HEALTHCARE LIMITED,Diversified,Crisil ESG 55,5-Aug-25,Adequate
TTK PRESTIGE LIMITED,Household Appliances,Crisil ESG 58,22-Aug-25,Adequate
TUBE INVESTMENTS OF INDIA LIMITED,Auto Components & Equipments,Crisil ESG 56,14-Aug-25,Adequate
TVS HOLDINGS LIMITED,Investment Company,Crisil ESG 56,4-Sep-25,Adequate
TVS MOTOR COMPANY LIMITED,2/3 Wheelers,Crisil ESG 56,26-Aug-25,Adequate
TVS SRICHAKRA LIMITED,Tyres & Rubber Products,Crisil ESG 54,17-Sep-25,Adequate
UCO BANK,Public Sector Bank,Crisil ESG 62,1-Jul-25,Strong
UDAIPUR CEMENT WORKS LIMITED,Cement & Cement Products,Crisil ESG 52 (Withdrawn),19-Dec-25,Adequate
UFLEX LIMITED,Packaging,Crisil ESG 45,22-Aug-25,Below average
UJJIVAN SMALL FINANCE BANK LIMITED,Other Bank,Crisil ESG 66,2-Jul-25,Strong
ULTRATECH CEMENT LIMITED,Cement & Cement Products,Crisil ESG 59,26-Aug-25,Adequate
UNICHEM LABORATORIES LIMITED,Pharmaceuticals,Crisil ESG 52,11-Aug-25,Adequate
UNION BANK OF INDIA,Public Sector Bank,Crisil ESG 66,14-Aug-25,Strong
UNIPARTS INDIA LIMITED,Auto Components & Equipments,Crisil ESG 48,8-Oct-25,Below average
UNITED BREWERIES LIMITED,Breweries & Distilleries,Crisil ESG 54,8-Aug-25,Adequate
UNITED FOODBRANDS LIMITED,Restaurants,Crisil ESG 50,22-Sep-25,Below average
UNITED SPIRITS LIMITED,Breweries & Distilleries,Crisil ESG 61,15-Sep-25,Strong
UNO MINDA LIMITED,Auto Components & Equipments,Crisil ESG 56,22-Aug-25,Adequate
UPL LIMITED,Pesticides & Agrochemicals,Crisil ESG 59,12-Aug-25,Adequate
USHA MARTIN LIMITED,Iron & Steel Products,Crisil ESG 51,22-Aug-25,Adequate
UTI ASSET MANAGEMENT COMPANY LIMITED,Asset Management Company,Crisil ESG 64,1-Aug-25,Strong
V MART RETAIL LIMITED,Diversified Retail,Crisil ESG 60,13-Aug-25,Adequate
V.S.T. TILLERS TRACTORS LIMITED,Tractors,Crisil ESG 56,26-Sep-25,Adequate
VA TECH WABAG LIMITED,Water Supply & Management,Crisil ESG 49,25-Aug-25,Below average
VAIBHAV GLOBAL LIMITED,"Gems, Jewellery And Watches",Crisil ESG 55,20-Aug-25,Adequate
VAKRANGEE LIMITED,IT Enabled Services,Crisil ESG 59,14-Oct-25,Adequate
VALIANT ORGANICS LIMITED,Specialty Chemicals,Crisil ESG 46,10-Oct-25,Below average
VALOR ESTATE LIMITED,"Residential, Commercial Projects",Crisil ESG 49,20-Oct-25,Below average
VARDHMAN SPECIAL STEELS LIMITED,Iron & Steel Products,Crisil ESG 53,13-Oct-25,Adequate
VARDHMAN TEXTILES LIMITED,Other Textile Products,Crisil ESG 53,10-Oct-25,Adequate
VARROC ENGINEERING LIMITED,Auto Components & Equipments,Crisil ESG 54,5-Sep-25,Adequate
VARUN BEVERAGES LIMITED,Other Beverages,Crisil ESG 56,23-Apr-25,Adequate
VEDANT FASHIONS LIMITED,Speciality Retail,Crisil ESG 57,19-Sep-25,Adequate
VEDANTA LIMITED,Diversified Metals,Crisil ESG 52,29-Jul-25,Adequate
VEEDOL CORPORATION LIMITED,Lubricants,Crisil ESG 55,11-Sep-25,Adequate
VENKYS INDIA LIMITED,Meat Products including Poultry,Crisil ESG 51,9-Oct-25,Adequate
VESUVIUS INDIA LIMITED,Electrodes & Refractories,Crisil ESG 56,21-May-25,Adequate
V-GUARD INDUSTRIES LIMITED,Household Appliances,Crisil ESG 63,11-Aug-25,Strong
VIJAYA DIAGNOSTIC CENTRE LIMITED,Healthcare Service Provider,Crisil ESG 55,22-Sep-25,Adequate
VINATI ORGANICS LIMITED,Specialty Chemicals,Crisil ESG 54,1-Oct-25,Adequate
VINDHYA TELELINKS LIMITED,Telecom - Infrastructure,Crisil ESG 54,23-Sep-25,Adequate
VIP INDUSTRIES LIMITED,Plastic Products - Consumer,Crisil ESG 56,29-Sep-25,Adequate
VIYASH SCIENTIFIC LIMITED,Pharmaceuticals,Crisil ESG 50,25-Aug-25,Below average
VODAFONE IDEA LIMITED,Telecom - Cellular & Fixed line services,Crisil ESG 53,29-Aug-25,Adequate
VOLTAMP TRANSFORMERS LIMITED,Heavy Electrical Equipment,Crisil ESG 56,7-Aug-25,Adequate
VOLTAS LIMITED,Household Appliances,Crisil ESG 58,3-Jul-25,Adequate
VRL LOGISTICS LIMITED,Logistics Solution Provider,Crisil ESG 56,7-Aug-25,Adequate
VST INDUSTRIES LIMITED,Cigarettes & Tobacco Products,Crisil ESG 56,6-Aug-25,Adequate
WELSPUN CORP LIMITED,Iron & Steel Products,Crisil ESG 50,18-Aug-25,Below average
WELSPUN ENTERPRISES LIMITED,Civil Construction,Crisil ESG 55,16-Sep-25,Adequate
WELSPUN LIVING LIMITED,Other Textile Products,Crisil ESG 61,16-Sep-25,Strong
WENDT INDIA LIMITED,Abrasives & Bearings,Crisil ESG 58,5-Aug-25,Adequate
WEST COAST PAPER MILLS LIMITED,Paper & Paper Products,Crisil ESG 53,8-Sep-25,Adequate
WESTLIFE FOODWORLD LIMITED,Restaurants,Crisil ESG 58,26-Sep-25,Adequate
WHEELS INDIA LIMITED,Auto Components & Equipments,Crisil ESG 59,11-Jul-25,Adequate
WHIRLPOOL OF INDIA LIMITED,Household Appliances,Crisil ESG 61,23-Sep-25,Strong
WIPRO LIMITED,Computers - Software & Consulting,Crisil ESG 73,21-Jul-25,Leadership
WOCKHARDT LIMITED,Pharmaceuticals,Crisil ESG 57,25-Aug-25,Adequate
WONDERLA HOLIDAYS LIMITED,Amusement Parks/ Other Recreation,Crisil ESG 56,4-Sep-25,Adequate
WPIL LIMITED,Industrial Products,Crisil ESG 53,22-Aug-25,Adequate
YES BANK LIMITED,Private Sector Bank,Crisil ESG 68,4-Sep-25,Strong
ZEE ENTERTAINMENT ENTERPRISES LIMITED,TV Broadcasting & Software Production,Crisil ESG 58,29-Sep-25,Adequate
ZENSAR TECHNOLOGIES LIMITED,Computers - Software & Consulting,Crisil ESG 71,8-Aug-25,Leadership
ZF COMMERCIAL VEHICLE CONTROL SYSTEMS INDIA LIMITED,Auto Components & Equipments,Crisil ESG 62,24-Sep-25,Strong
ZF COMMERCIAL VEHICLE CONTROL SYSTEMS INDIA LIMITED,Auto Components & Equipments,Crisil ESG 62,5-Sep-25,Strong
ZYDUS LIFESCIENCES LIMITED,Pharmaceuticals,Crisil ESG 61,25-Aug-25,Strong
ZYDUS WELLNESS LIMITED,Packaged Foods,Crisil ESG 59,8-Aug-25,Adequate
